uuid,name,status,start,stop,duration_ms,parentSuite,suite,subSuite,package,framework,host,test_run
"5038716b-b096-45b3-8dba-bb6aa2c65976","it filters books by genre","passed","2026-04-22T16:11:20.707Z","2026-04-22T16:11:20.813Z","106","","P\Tests\Unit\BookRepositoryTest","","","pest","DESKTOP-4V343CM","Ejecución 1"
"7f34dd86-f8e9-4f17-a649-95da2a8d3e1a","it asserts true is true  basic unit test","passed","2026-04-22T16:11:20.715Z","2026-04-22T16:11:20.738Z","23","","P\Tests\Unit\ExampleTest","","","pest","DESKTOP-4V343CM","Ejecución 1"
"c56c54af-6874-4d05-a36b-011f18401d40","password is encrypted and verifiable","passed","2026-04-22T16:11:20.739Z","2026-04-22T16:11:20.854Z","115","","P\Tests\Unit\UserAuthTest","","","pest","DESKTOP-4V343CM","Ejecución 1"
"a2ff4e22-dc31-40e6-a20b-193ff6df0733","getSessionToken obtains and caches the token","passed","2026-04-22T16:11:20.762Z","2026-04-22T16:11:20.859Z","97","","P\Tests\Unit\GlpiServiceTest","","","pest","DESKTOP-4V343CM","Ejecución 1"
"f4efdcda-21f7-4949-b9e8-f04716d88cea","it filters books by status","passed","2026-04-22T16:11:20.977Z","2026-04-22T16:11:20.994Z","17","","P\Tests\Unit\BookRepositoryTest","","","pest","DESKTOP-4V343CM","Ejecución 1"
"7ba17245-f638-40e6-9cbb-dc2fb3fe95a1","user roles logic detects admin and specific roles","passed","2026-04-22T16:11:21.026Z","2026-04-22T16:11:21.029Z","3","","P\Tests\Unit\UserAuthTest","","","pest","DESKTOP-4V343CM","Ejecución 1"
"94643040-eb8a-4c1b-8d12-576c0c38313f","getSessionToken handles connection errors  GLPI offline","passed","2026-04-22T16:11:21.030Z","2026-04-22T16:11:21.071Z","41","","P\Tests\Unit\GlpiServiceTest","","","pest","DESKTOP-4V343CM","Ejecución 1"
"daa41ec9-ea08-46ed-b420-7597d538996b","it filters books by global query","passed","2026-04-22T16:11:21.208Z","2026-04-22T16:11:21.273Z","65","","P\Tests\Unit\BookRepositoryTest","","","pest","DESKTOP-4V343CM","Ejecución 1"
"fe7defb4-13e6-4785-b3a7-aa2ea1903867","Verifica que un bibliotecario no tenga permisos de eliminación para proteger la integridad de los datos.","passed","2026-04-22T16:11:21.259Z","2026-04-22T16:11:21.697Z","438","","P\Tests\Feature\AccessControlTest","","","pest","DESKTOP-4V343CM","Ejecución 1"
"293defb0-bdcd-4288-8ff8-6a259cb0e8f8","findUserByEmail builds the search query correctly","passed","2026-04-22T16:11:21.298Z","2026-04-22T16:11:21.304Z","6","","P\Tests\Unit\GlpiServiceTest","","","pest","DESKTOP-4V343CM","Ejecución 1"
"74fb7e00-717b-4e1a-9bed-c10e6c76b7c4","it returns all records without pagination","passed","2026-04-22T16:11:21.580Z","2026-04-22T16:11:21.715Z","135","","P\Tests\Unit\BookRepositoryTest","","","pest","DESKTOP-4V343CM","Ejecución 1"
"4033d982-622d-4073-beef-2051ad620b08","createTicket uses the correct POST method","passed","2026-04-22T16:11:21.667Z","2026-04-22T16:11:21.675Z","8","","P\Tests\Unit\GlpiServiceTest","","","pest","DESKTOP-4V343CM","Ejecución 1"
"d535de70-1c80-403d-a874-474507b9d8f5","a librarian can create a book and it persists in the database","passed","2026-04-22T16:11:21.779Z","2026-04-22T16:11:30.156Z","8377","","P\Tests\Feature\BookManagementTest","","","pest","DESKTOP-4V343CM","Ejecución 1"
"054a36b4-b9c4-468d-b0e6-40488dcbcd1d","it filters by multiple criteria","passed","2026-04-22T16:11:22.009Z","2026-04-22T16:11:22.076Z","67","","P\Tests\Unit\BookRepositoryTest","","","pest","DESKTOP-4V343CM","Ejecución 1"
"dfdc97dd-374b-4501-8d05-5b2cd79a7eab","Verifica que el administrador tenga control total sobre el inventario, incluyendo la eliminación.","passed","2026-04-22T16:11:22.041Z","2026-04-22T16:11:30.098Z","8057","","P\Tests\Feature\AccessControlTest","","","pest","DESKTOP-4V343CM","Ejecución 1"
"8e3b34b9-1fb9-4624-b000-a84948335e14","the application returns a successful response on home page","passed","2026-04-22T16:11:22.189Z","2026-04-22T16:11:22.298Z","109","","P\Tests\Feature\ExampleTest","","","pest","DESKTOP-4V343CM","Ejecución 1"
"ba5bc9e1-c956-4fa8-bf86-d43ff50b4b71","Verifica que al registrar un préstamo, el estado del libro cambie automáticamente de Disponible a Prestado.","passed","2026-04-22T16:11:22.494Z","2026-04-22T16:11:22.796Z","302","","P\Tests\Feature\LoanIntegrationTest","","","pest","DESKTOP-4V343CM","Ejecución 1"
"9fd3fff8-0cf0-4941-bb3d-b68e0f06fc3d","Mide el impacto en el consumo de memoria RAM al procesar grandes volúmenes de datos hidratados desde la base de datos.","passed","2026-04-22T16:11:22.993Z","2026-04-22T16:11:24.693Z","1700","","P\Tests\Feature\PerformanceTest","","","pest","DESKTOP-4V343CM","Ejecución 1"
"b2a6b76f-0736-411c-ad17-1f0fdd0b7a68","Verifica que si un libro tiene una incidencia reportada (daños), su estado cambie a Mantenimiento al ser devuelto.","passed","2026-04-22T16:11:23.132Z","2026-04-22T16:11:23.172Z","40","","P\Tests\Feature\LoanIntegrationTest","","","pest","DESKTOP-4V343CM","Ejecución 1"
"8bcde2b1-55fb-4d9d-a07f-8fdeb821e794","Asegura que el sistema no permita prestar libros que no estén en estado Disponible.","passed","2026-04-22T16:11:23.482Z","2026-04-22T16:11:23.496Z","14","","P\Tests\Feature\LoanIntegrationTest","","","pest","DESKTOP-4V343CM","Ejecución 1"
"a33baa0f-d171-4b77-ac7d-d8b755d78bd9","a reader cannot access user management endpoints","passed","2026-04-22T16:11:23.847Z","2026-04-22T16:11:23.862Z","15","","P\Tests\Feature\PrivilegeEscalationTest","","","pest","DESKTOP-4V343CM","Ejecución 1"
"c8090d02-f0b7-4499-b85c-818276a902a5","a librarian cannot access roles and permissions configuration","passed","2026-04-22T16:11:24.176Z","2026-04-22T16:11:24.194Z","18","","P\Tests\Feature\PrivilegeEscalationTest","","","pest","DESKTOP-4V343CM","Ejecución 1"
"a3575d32-8db2-49b4-a707-b9a902a7c44d","unauthenticated users are blocked from protected routes  books","passed","2026-04-22T16:11:24.443Z","2026-04-22T16:11:24.450Z","7","","P\Tests\Feature\PrivilegeEscalationTest","","","pest","DESKTOP-4V343CM","Ejecución 1"
"b2b0ce25-e099-4f07-9fb7-0d37a8e96161","a reader cannot trigger manual GLPI synchronization","passed","2026-04-22T16:11:24.611Z","2026-04-22T16:11:24.621Z","10","","P\Tests\Feature\PrivilegeEscalationTest","","","pest","DESKTOP-4V343CM","Ejecución 1"
"cf519279-6df7-403d-a989-5cb99f14c134","api ensures sensitive data like passwords are not exposed in user details","passed","2026-04-22T16:11:24.779Z","2026-04-22T16:11:24.791Z","12","","P\Tests\Feature\PrivilegeEscalationTest","","","pest","DESKTOP-4V343CM","Ejecución 1"
"c658ea21-e7c3-4bad-9886-9c7bc6343bdb","Mide el tiempo de respuesta interno del servicio GLPI, incluyendo el parseo de respuestas y gestión de sesiones.","passed","2026-04-22T16:11:24.856Z","2026-04-22T16:11:24.859Z","3","","P\Tests\Feature\PerformanceTest","","","pest","DESKTOP-4V343CM","Ejecución 1"
"4df34540-3ca3-4612-9397-d9250cc1d3e1","system recovers from GLPI connection timeout by prioritizing local changes","passed","2026-04-22T16:11:25.042Z","2026-04-22T16:11:25.174Z","132","","P\Tests\Feature\RecoveryTest","","","pest","DESKTOP-4V343CM","Ejecución 1"
"2fccd948-56b9-40ec-8e3b-a4cb84ed83f7","system rejects XSS payloads in book titles","passed","2026-04-22T16:11:25.159Z","2026-04-22T16:11:25.225Z","66","","P\Tests\Feature\SecurityValidationTest","","","pest","DESKTOP-4V343CM","Ejecución 1"
"3bf6be02-c846-4e4f-854c-02cd3d780abd","system automatically refreshes GLPI session token on 401 Unauthorized","passed","2026-04-22T16:11:25.343Z","2026-04-22T16:11:25.348Z","5","","P\Tests\Feature\RecoveryTest","","","pest","DESKTOP-4V343CM","Ejecución 1"
"5ac58646-b482-4ca6-aa6a-7cf431b01811","system rejects SQL comments in ISBN field","passed","2026-04-22T16:11:25.397Z","2026-04-22T16:11:25.416Z","19","","P\Tests\Feature\SecurityValidationTest","","","pest","DESKTOP-4V343CM","Ejecución 1"
"15e4f4d9-b5fe-4930-b1a4-8b44a15c3e5d","rolls back database transactions on critical failures to maintain integrity","passed","2026-04-22T16:11:25.511Z","2026-04-22T16:11:25.514Z","3","","P\Tests\Feature\RecoveryTest","","","pest","DESKTOP-4V343CM","Ejecución 1"
"76f2b0b2-b2b8-4b77-8c74-fbed1bf324ad","system rejects multi statement SQL injection signatures","passed","2026-04-22T16:11:25.586Z","2026-04-22T16:11:25.596Z","10","","P\Tests\Feature\SecurityValidationTest","","","pest","DESKTOP-4V343CM","Ejecución 1"
"8295ce7e-8ecd-4fbe-b559-0862684612f4","system allows legitimate special characters like quotes in titles","passed","2026-04-22T16:11:25.753Z","2026-04-22T16:11:31.926Z","6173","","P\Tests\Feature\SecurityValidationTest","","","pest","DESKTOP-4V343CM","Ejecución 1"
"b29bd2d2-355a-471c-893a-52ecf15854c5","Evalúa la latencia de respuesta del sistema al manejar miles de registros de libros en el inventario.","passed","2026-04-22T16:11:25.758Z","2026-04-22T16:11:28.522Z","2764","","P\Tests\Feature\StressTest","","","pest","DESKTOP-4V343CM","Ejecución 1"
"24793b5f-0df5-495e-a847-8e95f0241d16","Verifica la capacidad del servidor para procesar ráfagas secuenciales de peticiones sin degradación de servicio.","passed","2026-04-22T16:11:28.804Z","2026-04-22T16:11:29.037Z","233","","P\Tests\Feature\StressTest","","","pest","DESKTOP-4V343CM","Ejecución 1"
"4800cb9e-0dba-4c1d-9eee-a254366475f3","Verifica que el sistema cierre correctamente la sesión del usuario.","passed","2026-04-22T16:11:30.268Z","2026-04-22T16:11:30.282Z","14","","P\Tests\Feature\AccessControlTest","","","pest","DESKTOP-4V343CM","Ejecución 1"
"6ce5ed07-f303-4419-8413-60e8a2537f45","an admin can delete a book and maintain integrity","passed","2026-04-22T16:11:30.333Z","2026-04-22T16:11:30.360Z","27","","P\Tests\Feature\BookManagementTest","","","pest","DESKTOP-4V343CM","Ejecución 1"
"8ce6b962-5362-428f-bf74-6db5e94de991","book creation requires mandatory fields validation","passed","2026-04-22T16:11:30.534Z","2026-04-22T16:11:30.548Z","14","","P\Tests\Feature\BookManagementTest","","","pest","DESKTOP-4V343CM","Ejecución 1"
"a27968d0-bec5-4df8-842a-aa76ff4de27a","IDOR protection  readers cannot access other users loan details","passed","2026-04-22T16:11:32.076Z","2026-04-22T16:11:32.097Z","21","","P\Tests\Feature\SecurityValidationTest","","","pest","DESKTOP-4V343CM","Ejecución 1"
"f2a615e4-e11a-483a-8e49-467982eb5ebe","detects SQL injection bypass attempts using Hex encoding","passed","2026-04-22T16:11:32.227Z","2026-04-22T16:11:32.238Z","11","","P\Tests\Feature\SecurityValidationTest","","","pest","DESKTOP-4V343CM","Ejecución 1"
"278d9823-0187-42d2-8bdb-7f9d3c962c21","redirige a login si la ruta es privada y no hay token","passed","2026-04-22T16:11:57.149Z","2026-04-22T16:11:57.164Z","15","router/index.js (navigationGuard)","","","src.router.router.test.js","vitest","DESKTOP-4V343CM","Ejecución 1"
"feeab4ce-d5a3-4cc7-adf5-a4bd6f22ef81","permite acceso si la ruta es pública","passed","2026-04-22T16:11:57.165Z","2026-04-22T16:11:57.169Z","4","router/index.js (navigationGuard)","","","src.router.router.test.js","vitest","DESKTOP-4V343CM","Ejecución 1"
"91f954eb-50e0-4046-847f-7b8e9ad0b4f3","redirige a dashboard si intenta ir a login estando autenticado","passed","2026-04-22T16:11:57.169Z","2026-04-22T16:11:57.172Z","3","router/index.js (navigationGuard)","","","src.router.router.test.js","vitest","DESKTOP-4V343CM","Ejecución 1"
"7e3e6e95-0857-4e1b-b83e-081dddd25bb6","bloquea rutas si el usuario no tiene el permiso requerido","passed","2026-04-22T16:11:57.172Z","2026-04-22T16:11:57.175Z","3","router/index.js (navigationGuard)","","","src.router.router.test.js","vitest","DESKTOP-4V343CM","Ejecución 1"
"be6d97f7-0f74-4eb6-9a83-3db78d9c6c63","permite acceso si el usuario tiene el permiso requerido","passed","2026-04-22T16:11:57.175Z","2026-04-22T16:11:57.177Z","2","router/index.js (navigationGuard)","","","src.router.router.test.js","vitest","DESKTOP-4V343CM","Ejecución 1"
"3bc8bfee-75d5-465c-95ec-6e2df05509c4","renderiza correctamente el formulario de login","passed","2026-04-22T16:11:57.621Z","2026-04-22T16:11:57.723Z","102","LoginView.vue","","","src.views.LoginView.test.js","vitest","DESKTOP-4V343CM","Ejecución 1"
"0bb178c0-cf98-479d-af1b-39a80e9bacc3","alterna la visibilidad de la contraseña al pulsar el botón de ojo","passed","2026-04-22T16:11:57.724Z","2026-04-22T16:11:57.789Z","65","LoginView.vue","","","src.views.LoginView.test.js","vitest","DESKTOP-4V343CM","Ejecución 1"
"7c17d4aa-0eb4-407f-81d2-c9acab4c8fd7","intento de login exitoso redirige al dashboard","passed","2026-04-22T16:11:57.789Z","2026-04-22T16:11:57.847Z","58","LoginView.vue","","","src.views.LoginView.test.js","vitest","DESKTOP-4V343CM","Ejecución 1"
"390dd672-3687-4795-a877-01e482231294","maneja fallos de servidor correctamente","passed","2026-04-22T16:11:57.848Z","2026-04-22T16:11:57.877Z","29","LoginView.vue","","","src.views.LoginView.test.js","vitest","DESKTOP-4V343CM","Ejecución 1"
"4cc0f4c6-dcb0-4deb-a622-5a0906e8ec05","Camino 1: Creación Exitosa (CREATE path)","passed","2026-04-22T16:12:01.487Z","2026-04-22T16:12:01.504Z","17","bookController - White Box Testing (saveBook)","","","src.controllers.bookController.test.js","vitest","DESKTOP-4V343CM","Ejecución 1"
"7eadea86-ba8d-4bf9-8191-b7e2d38ce89a","Camino 2: Edición Exitosa (UPDATE path)","passed","2026-04-22T16:12:01.504Z","2026-04-22T16:12:01.507Z","3","bookController - White Box Testing (saveBook)","","","src.controllers.bookController.test.js","vitest","DESKTOP-4V343CM","Ejecución 1"
"5e551331-d6eb-4677-adae-449549a5bffd","Camino 3: Error de Validación (422 path)","passed","2026-04-22T16:12:01.508Z","2026-04-22T16:12:01.510Z","2","bookController - White Box Testing (saveBook)","","","src.controllers.bookController.test.js","vitest","DESKTOP-4V343CM","Ejecución 1"
"f60186b5-26eb-443d-8fc3-4de44b52b289","Camino 4: Error General de Servidor (Fallback path)","passed","2026-04-22T16:12:01.510Z","2026-04-22T16:12:01.511Z","1","bookController - White Box Testing (saveBook)","","","src.controllers.bookController.test.js","vitest","DESKTOP-4V343CM","Ejecución 1"
"26272e52-768b-4a5f-8361-5a81ad35bd67","añade el header de Authorization si el token existe","passed","2026-04-22T16:12:01.520Z","2026-04-22T16:12:01.531Z","11","api.js (Interceptors)","","","src.services.api.test.js","vitest","DESKTOP-4V343CM","Ejecución 1"
"d4ce46cf-9659-4848-9628-ff09482e2c5e","no añade header si no hay token","passed","2026-04-22T16:12:01.532Z","2026-04-22T16:12:01.536Z","4","api.js (Interceptors)","","","src.services.api.test.js","vitest","DESKTOP-4V343CM","Ejecución 1"
"4935d1c2-37a6-43df-9a0d-53566e2d527e","maneja el error 401 limpiando la sesión y redirigiendo","passed","2026-04-22T16:12:01.536Z","2026-04-22T16:12:01.544Z","8","api.js (Interceptors)","","","src.services.api.test.js","vitest","DESKTOP-4V343CM","Ejecución 1"
"21e4daa3-d1ad-43ce-89a8-17440762c28f","ignora otros errores que no sean 401","passed","2026-04-22T16:12:01.544Z","2026-04-22T16:12:01.546Z","2","api.js (Interceptors)","","","src.services.api.test.js","vitest","DESKTOP-4V343CM","Ejecución 1"
"c0e7e65f-8ba9-4538-9a66-78d9af7fb9a0","login llama al endpoint correcto con las credenciales","passed","2026-04-22T16:12:02.011Z","2026-04-22T16:12:02.020Z","9","authService","","","src.services.authService.test.js","vitest","DESKTOP-4V343CM","Ejecución 1"
"07c0e045-d40d-448d-8528-236b53bd76d4","logout llama al endpoint de logout","passed","2026-04-22T16:12:02.020Z","2026-04-22T16:12:02.021Z","1","authService","","","src.services.authService.test.js","vitest","DESKTOP-4V343CM","Ejecución 1"
"75dec265-28c7-4a0b-9261-ffbac28b167a","me llama al endpoint /auth/me","passed","2026-04-22T16:12:02.021Z","2026-04-22T16:12:02.022Z","1","authService","","","src.services.authService.test.js","vitest","DESKTOP-4V343CM","Ejecución 1"
"83bc7eed-7557-4cfd-b5fc-04d36391ff98","inicializa con valores nulos si no hay nada en localStorage","broken","2026-04-22T16:15:59.152Z","2026-04-22T16:15:59.164Z","12","authStore","","","src.store.auth.test.js","vitest","DESKTOP-4V343CM","Ejecución 1"
"9bbfa79c-f793-4238-be4c-de34014e9937","login exitoso actualiza el estado y localStorage","broken","2026-04-22T16:15:59.164Z","2026-04-22T16:15:59.167Z","3","authStore","","","src.store.auth.test.js","vitest","DESKTOP-4V343CM","Ejecución 1"
"3aabb410-596b-48ff-9238-6fd2795fcdf6","clearSession limpia el estado y localStorage","broken","2026-04-22T16:15:59.168Z","2026-04-22T16:15:59.170Z","2","authStore","","","src.store.auth.test.js","vitest","DESKTOP-4V343CM","Ejecución 1"
"871362fd-1195-4f55-85f5-e01bc463f6cd","logout limpia sesion incluso si la API falla","broken","2026-04-22T16:15:59.170Z","2026-04-22T16:15:59.171Z","1","authStore","","","src.store.auth.test.js","vitest","DESKTOP-4V343CM","Ejecución 1"
"e39aae7f-273d-4bc2-8e4a-f746c63b414f","Camino 1: Creación Exitosa (CREATE path)","passed","2026-04-22T16:15:59.197Z","2026-04-22T16:15:59.212Z","15","bookController - White Box Testing (saveBook)","","","src.controllers.bookController.test.js","vitest","DESKTOP-4V343CM","Ejecución 1"
"d3976ba6-656f-437b-a64f-8f139b44a7a0","Camino 2: Edición Exitosa (UPDATE path)","passed","2026-04-22T16:15:59.213Z","2026-04-22T16:15:59.217Z","4","bookController - White Box Testing (saveBook)","","","src.controllers.bookController.test.js","vitest","DESKTOP-4V343CM","Ejecución 1"
"15dcc527-289c-4958-a7a8-93f8c0cd38de","Camino 3: Error de Validación (422 path)","passed","2026-04-22T16:15:59.216Z","2026-04-22T16:15:59.219Z","3","bookController - White Box Testing (saveBook)","","","src.controllers.bookController.test.js","vitest","DESKTOP-4V343CM","Ejecución 1"
"e31be435-73e6-4c27-b4f3-545f008f2fd2","Camino 4: Error General de Servidor (Fallback path)","passed","2026-04-22T16:15:59.219Z","2026-04-22T16:15:59.220Z","1","bookController - White Box Testing (saveBook)","","","src.controllers.bookController.test.js","vitest","DESKTOP-4V343CM","Ejecución 1"
"96899b6e-f765-490a-a29f-2d7b7b7cfd03","renderiza correctamente el formulario de login","passed","2026-04-22T16:16:00.036Z","2026-04-22T16:16:00.178Z","142","LoginView.vue","","","src.views.LoginView.test.js","vitest","DESKTOP-4V343CM","Ejecución 1"
"4943b17f-8d49-4b59-9db9-9cf734d5ff85","alterna la visibilidad de la contraseña al pulsar el botón de ojo","passed","2026-04-22T16:16:00.179Z","2026-04-22T16:16:00.231Z","52","LoginView.vue","","","src.views.LoginView.test.js","vitest","DESKTOP-4V343CM","Ejecución 1"
"e759422c-159d-4028-9a09-6e323de3cfe7","intento de login exitoso redirige al dashboard","passed","2026-04-22T16:16:00.231Z","2026-04-22T16:16:00.311Z","80","LoginView.vue","","","src.views.LoginView.test.js","vitest","DESKTOP-4V343CM","Ejecución 1"
"b842b397-7898-45bb-946c-1564228fcdfb","maneja fallos de servidor correctamente","passed","2026-04-22T16:16:00.311Z","2026-04-22T16:16:00.352Z","41","LoginView.vue","","","src.views.LoginView.test.js","vitest","DESKTOP-4V343CM","Ejecución 1"
"f1035bbe-c769-41d7-b46e-c1291d10cfda","redirige a login si la ruta es privada y no hay token","passed","2026-04-22T16:16:04.242Z","2026-04-22T16:16:04.273Z","31","router/index.js (navigationGuard)","","","src.router.router.test.js","vitest","DESKTOP-4V343CM","Ejecución 1"
"4f7adc4f-baca-4eed-a151-f31ddc9730ee","permite acceso si la ruta es pública","passed","2026-04-22T16:16:04.290Z","2026-04-22T16:16:04.296Z","6","router/index.js (navigationGuard)","","","src.router.router.test.js","vitest","DESKTOP-4V343CM","Ejecución 1"
"309a3048-dd0d-4cb0-86fb-65d4502fb8a4","redirige a dashboard si intenta ir a login estando autenticado","passed","2026-04-22T16:16:04.297Z","2026-04-22T16:16:04.302Z","5","router/index.js (navigationGuard)","","","src.router.router.test.js","vitest","DESKTOP-4V343CM","Ejecución 1"
"ef1cf7f9-e3df-4baa-afdf-bbf4a869c71f","bloquea rutas si el usuario no tiene el permiso requerido","passed","2026-04-22T16:16:04.301Z","2026-04-22T16:16:04.304Z","3","router/index.js (navigationGuard)","","","src.router.router.test.js","vitest","DESKTOP-4V343CM","Ejecución 1"
"61afbc6d-330c-44c1-a637-5335de98cf4c","permite acceso si el usuario tiene el permiso requerido","passed","2026-04-22T16:16:04.305Z","2026-04-22T16:16:04.307Z","2","router/index.js (navigationGuard)","","","src.router.router.test.js","vitest","DESKTOP-4V343CM","Ejecución 1"
"ff1fa7d5-31fa-4f3c-9093-c2c68791c8c7","añade el header de Authorization si el token existe","passed","2026-04-22T16:16:04.400Z","2026-04-22T16:16:04.413Z","13","api.js (Interceptors)","","","src.services.api.test.js","vitest","DESKTOP-4V343CM","Ejecución 1"
"e058dd1b-af4b-4cbc-9e84-035ae04d581f","no añade header si no hay token","passed","2026-04-22T16:16:04.413Z","2026-04-22T16:16:04.416Z","3","api.js (Interceptors)","","","src.services.api.test.js","vitest","DESKTOP-4V343CM","Ejecución 1"
"3c73c832-a4d3-4ee7-bf2f-f3b5f0b4a8af","maneja el error 401 limpiando la sesión y redirigiendo","passed","2026-04-22T16:16:04.416Z","2026-04-22T16:16:04.422Z","6","api.js (Interceptors)","","","src.services.api.test.js","vitest","DESKTOP-4V343CM","Ejecución 1"
"f9e818dd-12e0-4451-ab28-82c2aa8cfeeb","ignora otros errores que no sean 401","passed","2026-04-22T16:16:04.422Z","2026-04-22T16:16:04.424Z","2","api.js (Interceptors)","","","src.services.api.test.js","vitest","DESKTOP-4V343CM","Ejecución 1"
"c1238b0d-12de-4d8f-adce-58748f41998d","login llama al endpoint correcto con las credenciales","passed","2026-04-22T16:16:04.878Z","2026-04-22T16:16:04.892Z","14","authService","","","src.services.authService.test.js","vitest","DESKTOP-4V343CM","Ejecución 1"
"d0e2a0ca-9410-4c57-bc1a-c5bc8e04e450","logout llama al endpoint de logout","passed","2026-04-22T16:16:04.892Z","2026-04-22T16:16:04.908Z","16","authService","","","src.services.authService.test.js","vitest","DESKTOP-4V343CM","Ejecución 1"
"dbd7644b-cad8-4a12-83bd-21e1bdf95c0d","me llama al endpoint /auth/me","passed","2026-04-22T16:16:04.908Z","2026-04-22T16:16:04.909Z","1","authService","","","src.services.authService.test.js","vitest","DESKTOP-4V343CM","Ejecución 1"
"195e76a9-5907-464a-a5cc-e489d1c5434d","inicializa con valores nulos si no hay nada en localStorage","passed","2026-04-22T16:17:28.962Z","2026-04-22T16:17:28.975Z","13","authStore","","","src.store.auth.test.js","vitest","DESKTOP-4V343CM","Ejecución 1"
"df6382ce-8a46-4da1-a5b6-ad1d855ca788","login exitoso actualiza el estado y localStorage","passed","2026-04-22T16:17:28.975Z","2026-04-22T16:17:28.983Z","8","authStore","","","src.store.auth.test.js","vitest","DESKTOP-4V343CM","Ejecución 1"
"d1611f79-41ea-493e-9e5f-b5a4345d3bbf","clearSession limpia el estado y localStorage","passed","2026-04-22T16:17:28.983Z","2026-04-22T16:17:28.986Z","3","authStore","","","src.store.auth.test.js","vitest","DESKTOP-4V343CM","Ejecución 1"
"482b2934-3a63-4599-881e-b45e40f1ee39","logout limpia sesion incluso si la API falla","passed","2026-04-22T16:17:28.987Z","2026-04-22T16:17:28.990Z","3","authStore","","","src.store.auth.test.js","vitest","DESKTOP-4V343CM","Ejecución 1"
"8e7db1c1-3234-464e-aad5-3a9313cf064e","redirige a login si la ruta es privada y no hay token","passed","2026-04-22T16:17:29.434Z","2026-04-22T16:17:29.447Z","13","router/index.js (navigationGuard)","","","src.router.router.test.js","vitest","DESKTOP-4V343CM","Ejecución 1"
"ac7476f8-e65f-42d3-ad2f-53d5d54c0e9d","permite acceso si la ruta es pública","passed","2026-04-22T16:17:29.447Z","2026-04-22T16:17:29.487Z","40","router/index.js (navigationGuard)","","","src.router.router.test.js","vitest","DESKTOP-4V343CM","Ejecución 1"
"7a39dc2c-9920-4f20-b09d-451be5e4f119","redirige a dashboard si intenta ir a login estando autenticado","passed","2026-04-22T16:17:29.487Z","2026-04-22T16:17:29.489Z","2","router/index.js (navigationGuard)","","","src.router.router.test.js","vitest","DESKTOP-4V343CM","Ejecución 1"
"2081ef09-7135-4979-a5d8-b8cd7e59d5ce","bloquea rutas si el usuario no tiene el permiso requerido","passed","2026-04-22T16:17:29.489Z","2026-04-22T16:17:29.492Z","3","router/index.js (navigationGuard)","","","src.router.router.test.js","vitest","DESKTOP-4V343CM","Ejecución 1"
"a18636f4-d306-45fb-93bf-37098c6e6e50","permite acceso si el usuario tiene el permiso requerido","passed","2026-04-22T16:17:29.493Z","2026-04-22T16:17:29.495Z","2","router/index.js (navigationGuard)","","","src.router.router.test.js","vitest","DESKTOP-4V343CM","Ejecución 1"
"d957a059-e528-4850-b54d-8423f9fde72d","renderiza correctamente el formulario de login","passed","2026-04-22T16:17:29.692Z","2026-04-22T16:17:29.796Z","104","LoginView.vue","","","src.views.LoginView.test.js","vitest","DESKTOP-4V343CM","Ejecución 1"
"e1691a92-af23-41d5-af61-3cb6f8b5ee72","alterna la visibilidad de la contraseña al pulsar el botón de ojo","passed","2026-04-22T16:17:29.797Z","2026-04-22T16:17:29.845Z","48","LoginView.vue","","","src.views.LoginView.test.js","vitest","DESKTOP-4V343CM","Ejecución 1"
"75af250e-4b0e-451f-8878-67e4032426dc","intento de login exitoso redirige al dashboard","passed","2026-04-22T16:17:29.845Z","2026-04-22T16:17:29.888Z","43","LoginView.vue","","","src.views.LoginView.test.js","vitest","DESKTOP-4V343CM","Ejecución 1"
"89fba8fb-c359-47e3-8f8c-aef3f0068044","maneja fallos de servidor correctamente","passed","2026-04-22T16:17:29.887Z","2026-04-22T16:17:29.935Z","48","LoginView.vue","","","src.views.LoginView.test.js","vitest","DESKTOP-4V343CM","Ejecución 1"
"927ab07e-4315-48bb-ae60-c2ab61ce5dc7","login llama al endpoint correcto con las credenciales","passed","2026-04-22T16:17:33.562Z","2026-04-22T16:17:33.572Z","10","authService","","","src.services.authService.test.js","vitest","DESKTOP-4V343CM","Ejecución 1"
"8ca569c7-91fa-4b8d-be0d-a713bf230169","logout llama al endpoint de logout","passed","2026-04-22T16:17:33.572Z","2026-04-22T16:17:33.573Z","1","authService","","","src.services.authService.test.js","vitest","DESKTOP-4V343CM","Ejecución 1"
"2be3af4d-1828-48ef-954e-d47bb0300f16","me llama al endpoint /auth/me","passed","2026-04-22T16:17:33.574Z","2026-04-22T16:17:33.575Z","1","authService","","","src.services.authService.test.js","vitest","DESKTOP-4V343CM","Ejecución 1"
"0d35a2b0-1353-4502-99af-e5493381e384","Camino 1: Creación Exitosa (CREATE path)","passed","2026-04-22T16:17:34.690Z","2026-04-22T16:17:34.708Z","18","bookController - White Box Testing (saveBook)","","","src.controllers.bookController.test.js","vitest","DESKTOP-4V343CM","Ejecución 1"
"79d242f9-7d73-4209-9e61-d4e77c7b411b","Camino 2: Edición Exitosa (UPDATE path)","passed","2026-04-22T16:17:34.708Z","2026-04-22T16:17:34.711Z","3","bookController - White Box Testing (saveBook)","","","src.controllers.bookController.test.js","vitest","DESKTOP-4V343CM","Ejecución 1"
"882ee022-3ed8-48ad-97e8-522fb6be7b06","Camino 3: Error de Validación (422 path)","passed","2026-04-22T16:17:34.711Z","2026-04-22T16:17:34.716Z","5","bookController - White Box Testing (saveBook)","","","src.controllers.bookController.test.js","vitest","DESKTOP-4V343CM","Ejecución 1"
"8d8a225f-60c2-4fc0-be9b-9dff60e9a9dc","Camino 4: Error General de Servidor (Fallback path)","passed","2026-04-22T16:17:34.716Z","2026-04-22T16:17:34.718Z","2","bookController - White Box Testing (saveBook)","","","src.controllers.bookController.test.js","vitest","DESKTOP-4V343CM","Ejecución 1"
"61508aac-ccd7-4aaa-a7bb-fc800d14d4fe","añade el header de Authorization si el token existe","passed","2026-04-22T16:17:34.963Z","2026-04-22T16:17:34.982Z","19","api.js (Interceptors)","","","src.services.api.test.js","vitest","DESKTOP-4V343CM","Ejecución 1"
"5a8d621e-c9eb-42cd-872e-a7d0030f2eb1","no añade header si no hay token","passed","2026-04-22T16:17:34.982Z","2026-04-22T16:17:34.986Z","4","api.js (Interceptors)","","","src.services.api.test.js","vitest","DESKTOP-4V343CM","Ejecución 1"
"7d4e17cf-a496-48e4-95a0-927ff5c9640f","maneja el error 401 limpiando la sesión y redirigiendo","passed","2026-04-22T16:17:34.986Z","2026-04-22T16:17:34.995Z","9","api.js (Interceptors)","","","src.services.api.test.js","vitest","DESKTOP-4V343CM","Ejecución 1"
"0219491b-a774-4c46-b6da-148f14802121","ignora otros errores que no sean 401","passed","2026-04-22T16:17:34.995Z","2026-04-22T16:17:34.999Z","4","api.js (Interceptors)","","","src.services.api.test.js","vitest","DESKTOP-4V343CM","Ejecución 1"
"0e75dee9-6f6d-474a-b15c-86260b668945","Autenticación y Navegación al Dashboard","passed","2026-04-22T16:19:57.249Z","2026-04-22T16:20:05.794Z","8545","chromium","library.spec.js","Flujo de la Biblioteca Digital","library.spec.js","playwright","DESKTOP-4V343CM","Ejecución 1"
"d4d21500-421b-4e45-b584-54eeeee2a176","Sincronización y Gestión de Libros","passed","2026-04-22T16:20:06.519Z","2026-04-22T16:20:31.061Z","24542","chromium","library.spec.js","Flujo de la Biblioteca Digital","library.spec.js","playwright","DESKTOP-4V343CM","Ejecución 1"
"7c476a29-85e5-4f2a-a698-267d8f600abb","Restricciones de Rol (Bibliotecario)","passed","2026-04-22T16:20:31.075Z","2026-04-22T16:20:38.134Z","7059","chromium","library.spec.js","Flujo de la Biblioteca Digital","library.spec.js","playwright","DESKTOP-4V343CM","Ejecución 1"
"5dfd3b3a-ad2a-461c-a72e-ec13dbd5d5b6","Reporte de Incidencia a GLPI","failed","2026-04-22T16:20:38.207Z","2026-04-22T16:21:10.494Z","32287","chromium","library.spec.js","Flujo de la Biblioteca Digital","library.spec.js","playwright","DESKTOP-4V343CM","Ejecución 1"
"ba3828da-6283-44f8-8dfd-52386b37861b","Autenticación y Navegación al Dashboard","passed","2026-04-22T16:23:22.751Z","2026-04-22T16:23:30.742Z","7991","chromium","library.spec.js","Flujo de la Biblioteca Digital","library.spec.js","playwright","DESKTOP-4V343CM","Ejecución 1"
"857cbd8a-7210-47d9-8111-da9bbf1f80e8","Sincronización y Gestión de Libros","passed","2026-04-22T16:23:31.140Z","2026-04-22T16:23:53.409Z","22269","chromium","library.spec.js","Flujo de la Biblioteca Digital","library.spec.js","playwright","DESKTOP-4V343CM","Ejecución 1"
"f0a0918c-bde8-4908-9ca1-1a2f4b60f75c","Restricciones de Rol (Bibliotecario)","passed","2026-04-22T16:23:53.471Z","2026-04-22T16:24:01.140Z","7669","chromium","library.spec.js","Flujo de la Biblioteca Digital","library.spec.js","playwright","DESKTOP-4V343CM","Ejecución 1"
"42676070-9718-4db3-8495-07150240db37","Reporte de Incidencia a GLPI","failed","2026-04-22T16:24:01.310Z","2026-04-22T16:24:39.341Z","38031","chromium","library.spec.js","Flujo de la Biblioteca Digital","library.spec.js","playwright","DESKTOP-4V343CM","Ejecución 1"
"e4137479-f861-47b7-abaf-2df49e6d10c9","Autenticación y Navegación al Dashboard","passed","2026-04-22T16:28:42.382Z","2026-04-22T16:28:49.939Z","7557","chromium","library.spec.js","Flujo de la Biblioteca Digital","library.spec.js","playwright","DESKTOP-4V343CM","Ejecución 2"
"0c84160e-cab0-48a6-bb16-0319168c35e0","Sincronización y Gestión de Libros","passed","2026-04-22T16:28:50.331Z","2026-04-22T16:29:13.029Z","22698","chromium","library.spec.js","Flujo de la Biblioteca Digital","library.spec.js","playwright","DESKTOP-4V343CM","Ejecución 2"
"4829e145-c383-454e-b07c-a29cbfbf0afe","Restricciones de Rol (Bibliotecario)","passed","2026-04-22T16:29:13.087Z","2026-04-22T16:29:20.344Z","7257","chromium","library.spec.js","Flujo de la Biblioteca Digital","library.spec.js","playwright","DESKTOP-4V343CM","Ejecución 2"
"3f949ec1-a4c4-4f10-b699-293b81ac1207","Reporte de Incidencia a GLPI","passed","2026-04-22T16:29:20.419Z","2026-04-22T16:29:40.149Z","19730","chromium","library.spec.js","Flujo de la Biblioteca Digital","library.spec.js","playwright","DESKTOP-4V343CM","Ejecución 2"
"580f26ad-013c-44a5-9fd8-4f382f6ff632","it filters books by genre","passed","2026-04-22T21:10:16.295Z","2026-04-22T21:10:16.443Z","148","","P\Tests\Unit\BookRepositoryTest","","","pest","DESKTOP-4V343CM","Ejecución 3"
"2bd2d5e8-c4e8-4563-a0eb-6363064c3116","it filters books by status","passed","2026-04-22T21:10:16.537Z","2026-04-22T21:10:16.552Z","15","","P\Tests\Unit\BookRepositoryTest","","","pest","DESKTOP-4V343CM","Ejecución 3"
"f79f5636-ebc0-4426-9e00-07cadf944635","it filters books by global query","passed","2026-04-22T21:10:16.646Z","2026-04-22T21:10:16.662Z","16","","P\Tests\Unit\BookRepositoryTest","","","pest","DESKTOP-4V343CM","Ejecución 3"
"97779ea5-5b9a-4414-9a8e-62b0a45ef44c","it returns all records without pagination","passed","2026-04-22T21:10:16.764Z","2026-04-22T21:10:16.808Z","44","","P\Tests\Unit\BookRepositoryTest","","","pest","DESKTOP-4V343CM","Ejecución 3"
"a05e849f-4eda-449c-87c8-22cf7db8174b","it filters by multiple criteria","passed","2026-04-22T21:10:16.906Z","2026-04-22T21:10:16.915Z","9","","P\Tests\Unit\BookRepositoryTest","","","pest","DESKTOP-4V343CM","Ejecución 3"
"bad6ff76-fbc6-4b3f-8950-d2196e627e53","it asserts true is true  basic unit test","passed","2026-04-22T21:10:17.092Z","2026-04-22T21:10:17.094Z","2","","P\Tests\Unit\ExampleTest","","","pest","DESKTOP-4V343CM","Ejecución 3"
"c0849aab-ec8e-4545-9639-650de4e57fd4","getSessionToken obtains and caches the token","passed","2026-04-22T21:10:17.393Z","2026-04-22T21:10:17.500Z","107","","P\Tests\Unit\GlpiServiceTest","","","pest","DESKTOP-4V343CM","Ejecución 3"
"a51d7dae-248f-4dcd-84e3-4baff825bca1","getSessionToken handles connection errors  GLPI offline","passed","2026-04-22T21:10:17.702Z","2026-04-22T21:10:17.828Z","126","","P\Tests\Unit\GlpiServiceTest","","","pest","DESKTOP-4V343CM","Ejecución 3"
"3c3bc7e8-f069-470b-9653-78b29963bc4e","findUserByEmail builds the search query correctly","passed","2026-04-22T21:10:18.064Z","2026-04-22T21:10:18.067Z","3","","P\Tests\Unit\GlpiServiceTest","","","pest","DESKTOP-4V343CM","Ejecución 3"
"23ec0486-b6f6-4072-8b19-9a504eedf4dd","createTicket uses the correct POST method","passed","2026-04-22T21:10:18.201Z","2026-04-22T21:10:18.206Z","5","","P\Tests\Unit\GlpiServiceTest","","","pest","DESKTOP-4V343CM","Ejecución 3"
"0ca9b7df-fb62-4706-95b3-f8f43572d475","password is encrypted and verifiable","passed","2026-04-22T21:10:18.328Z","2026-04-22T21:10:18.364Z","36","","P\Tests\Unit\UserAuthTest","","","pest","DESKTOP-4V343CM","Ejecución 3"
"02b598ed-ce5f-45b8-a135-fa1e4d490ea8","user roles logic detects admin and specific roles","passed","2026-04-22T21:10:18.462Z","2026-04-22T21:10:18.466Z","4","","P\Tests\Unit\UserAuthTest","","","pest","DESKTOP-4V343CM","Ejecución 3"
"99261d39-03f2-4059-ba07-90f7950e63a1","Verifica que un bibliotecario no tenga permisos de eliminación para proteger la integridad de los datos.","passed","2026-04-22T21:10:18.626Z","2026-04-22T21:10:18.755Z","129","","P\Tests\Feature\AccessControlTest","","","pest","DESKTOP-4V343CM","Ejecución 3"
"19fb0170-1b90-4ac6-8946-683d54d8d48c","Verifica que el administrador tenga control total sobre el inventario, incluyendo la eliminación.","passed","2026-04-22T21:10:18.868Z","2026-04-22T21:10:23.645Z","4777","","P\Tests\Feature\AccessControlTest","","","pest","DESKTOP-4V343CM","Ejecución 3"
"37a9124a-9769-4279-8bed-200762f43551","Verifica que el sistema cierre correctamente la sesión del usuario.","passed","2026-04-22T21:10:23.765Z","2026-04-22T21:10:23.778Z","13","","P\Tests\Feature\AccessControlTest","","","pest","DESKTOP-4V343CM","Ejecución 3"
"6add26e4-0986-4824-a654-c300f9467397","a librarian can create a book and it persists in the database","passed","2026-04-22T21:10:23.956Z","2026-04-22T21:10:27.349Z","3393","","P\Tests\Feature\BookManagementTest","","","pest","DESKTOP-4V343CM","Ejecución 3"
"a0bba65b-94e3-44bd-827e-1016c8166216","an admin can delete a book and maintain integrity","passed","2026-04-22T21:10:27.453Z","2026-04-22T21:10:27.463Z","10","","P\Tests\Feature\BookManagementTest","","","pest","DESKTOP-4V343CM","Ejecución 3"
"3e33eb3f-cded-434a-8239-7737f16264cc","book creation requires mandatory fields validation","passed","2026-04-22T21:10:27.567Z","2026-04-22T21:10:27.581Z","14","","P\Tests\Feature\BookManagementTest","","","pest","DESKTOP-4V343CM","Ejecución 3"
"e4436ed5-7a7b-4964-9c6a-37da0c8d6ebd","the application returns a successful response on home page","passed","2026-04-22T21:10:27.707Z","2026-04-22T21:10:27.817Z","110","","P\Tests\Feature\ExampleTest","","","pest","DESKTOP-4V343CM","Ejecución 3"
"5d6ea255-a0e2-46ac-a529-f10edb69d11d","Verifica que al registrar un préstamo, el estado del libro cambie automáticamente de Disponible a Prestado.","passed","2026-04-22T21:10:27.970Z","2026-04-22T21:10:27.993Z","23","","P\Tests\Feature\LoanIntegrationTest","","","pest","DESKTOP-4V343CM","Ejecución 3"
"b8e46930-4874-4cb6-a561-4f4356f98d09","Verifica que si un libro tiene una incidencia reportada (daños), su estado cambie a Mantenimiento al ser devuelto.","passed","2026-04-22T21:10:28.122Z","2026-04-22T21:10:28.143Z","21","","P\Tests\Feature\LoanIntegrationTest","","","pest","DESKTOP-4V343CM","Ejecución 3"
"2655b269-6ad2-41a6-89e5-a36e224d425e","Asegura que el sistema no permita prestar libros que no estén en estado Disponible.","passed","2026-04-22T21:10:28.265Z","2026-04-22T21:10:28.275Z","10","","P\Tests\Feature\LoanIntegrationTest","","","pest","DESKTOP-4V343CM","Ejecución 3"
"8aeb9478-83bd-4032-919a-86ffc0cc711a","Mide el impacto en el consumo de memoria RAM al procesar grandes volúmenes de datos hidratados desde la base de datos.","passed","2026-04-22T21:10:28.404Z","2026-04-22T21:10:29.431Z","1027","","P\Tests\Feature\PerformanceTest","","","pest","DESKTOP-4V343CM","Ejecución 3"
"b1801271-d411-448e-a53f-b5efc36cc8d7","Mide el tiempo de respuesta interno del servicio GLPI, incluyendo el parseo de respuestas y gestión de sesiones.","passed","2026-04-22T21:10:29.536Z","2026-04-22T21:10:29.539Z","3","","P\Tests\Feature\PerformanceTest","","","pest","DESKTOP-4V343CM","Ejecución 3"
"302aa2c5-1820-4064-abe9-70312ae7dd10","a reader cannot access user management endpoints","passed","2026-04-22T21:10:29.678Z","2026-04-22T21:10:29.687Z","9","","P\Tests\Feature\PrivilegeEscalationTest","","","pest","DESKTOP-4V343CM","Ejecución 3"
"b53ce95e-50b9-4249-846a-c6eb4897b77a","a librarian cannot access roles and permissions configuration","passed","2026-04-22T21:10:29.803Z","2026-04-22T21:10:29.812Z","9","","P\Tests\Feature\PrivilegeEscalationTest","","","pest","DESKTOP-4V343CM","Ejecución 3"
"6e9190be-a88a-4f15-9df1-45452aede166","unauthenticated users are blocked from protected routes  books","passed","2026-04-22T21:10:29.924Z","2026-04-22T21:10:29.928Z","4","","P\Tests\Feature\PrivilegeEscalationTest","","","pest","DESKTOP-4V343CM","Ejecución 3"
"1283c7ad-921d-4b91-9dab-a794761af147","a reader cannot trigger manual GLPI synchronization","passed","2026-04-22T21:10:30.034Z","2026-04-22T21:10:30.042Z","8","","P\Tests\Feature\PrivilegeEscalationTest","","","pest","DESKTOP-4V343CM","Ejecución 3"
"ed70c7f7-91b3-4ea3-9850-a57652c274e0","api ensures sensitive data like passwords are not exposed in user details","passed","2026-04-22T21:10:30.168Z","2026-04-22T21:10:30.176Z","8","","P\Tests\Feature\PrivilegeEscalationTest","","","pest","DESKTOP-4V343CM","Ejecución 3"
"7a9d191d-0b05-4c08-9345-9410c904378c","system recovers from GLPI connection timeout by prioritizing local changes","passed","2026-04-22T21:10:30.324Z","2026-04-22T21:10:30.342Z","18","","P\Tests\Feature\RecoveryTest","","","pest","DESKTOP-4V343CM","Ejecución 3"
"8880df29-15ce-4d57-8495-197a3b934be4","system automatically refreshes GLPI session token on 401 Unauthorized","passed","2026-04-22T21:10:30.506Z","2026-04-22T21:10:30.511Z","5","","P\Tests\Feature\RecoveryTest","","","pest","DESKTOP-4V343CM","Ejecución 3"
"3d9f6f04-c420-488d-a2b5-7760efca880f","rolls back database transactions on critical failures to maintain integrity","passed","2026-04-22T21:10:30.622Z","2026-04-22T21:10:30.624Z","2","","P\Tests\Feature\RecoveryTest","","","pest","DESKTOP-4V343CM","Ejecución 3"
"edaa268d-063c-4f09-851a-5a0c71783aa6","system rejects XSS payloads in book titles","passed","2026-04-22T21:10:30.779Z","2026-04-22T21:10:30.790Z","11","","P\Tests\Feature\SecurityValidationTest","","","pest","DESKTOP-4V343CM","Ejecución 3"
"d94319e3-2611-4183-a47e-650157559d9b","system rejects SQL comments in ISBN field","passed","2026-04-22T21:10:30.941Z","2026-04-22T21:10:30.950Z","9","","P\Tests\Feature\SecurityValidationTest","","","pest","DESKTOP-4V343CM","Ejecución 3"
"28c0aa4e-9d4e-4f0b-82d0-5c8e9d28ad73","system rejects multi statement SQL injection signatures","passed","2026-04-22T21:10:31.085Z","2026-04-22T21:10:31.096Z","11","","P\Tests\Feature\SecurityValidationTest","","","pest","DESKTOP-4V343CM","Ejecución 3"
"343b02f6-d34f-445a-ad7f-f6ddac6e1b72","system allows legitimate special characters like quotes in titles","passed","2026-04-22T21:10:31.294Z","2026-04-22T21:10:33.662Z","2368","","P\Tests\Feature\SecurityValidationTest","","","pest","DESKTOP-4V343CM","Ejecución 3"
"1e7ce065-138f-48a5-b203-eb6e5e89e571","IDOR protection  readers cannot access other users loan details","passed","2026-04-22T21:10:33.767Z","2026-04-22T21:10:33.778Z","11","","P\Tests\Feature\SecurityValidationTest","","","pest","DESKTOP-4V343CM","Ejecución 3"
"9f9e690f-7080-427d-9d60-5d409b5d8480","detects SQL injection bypass attempts using Hex encoding","passed","2026-04-22T21:10:33.887Z","2026-04-22T21:10:33.895Z","8","","P\Tests\Feature\SecurityValidationTest","","","pest","DESKTOP-4V343CM","Ejecución 3"
"ffcf2ea2-1574-469b-ac53-2eb034846c3f","Evalúa la latencia de respuesta del sistema al manejar miles de registros de libros en el inventario.","passed","2026-04-22T21:10:34.151Z","2026-04-22T21:10:36.045Z","1894","","P\Tests\Feature\StressTest","","","pest","DESKTOP-4V343CM","Ejecución 3"
"a1f61a56-757b-4c34-824a-21de4169e878","Verifica la capacidad del servidor para procesar ráfagas secuenciales de peticiones sin degradación de servicio.","passed","2026-04-22T21:10:36.166Z","2026-04-22T21:10:36.309Z","143","","P\Tests\Feature\StressTest","","","pest","DESKTOP-4V343CM","Ejecución 3"
"1abed895-2ee1-41fa-bade-6476b978b375","añade el header de Authorization si el token existe","passed","2026-04-22T21:10:52.441Z","2026-04-22T21:10:52.454Z","13","api.js (Interceptors)","","","src.services.api.test.js","vitest","DESKTOP-4V343CM","Ejecución 3"
"a4d53ec9-9e9d-4483-a03d-50247adf3e8f","no añade header si no hay token","passed","2026-04-22T21:10:52.454Z","2026-04-22T21:10:52.457Z","3","api.js (Interceptors)","","","src.services.api.test.js","vitest","DESKTOP-4V343CM","Ejecución 3"
"f5136638-5169-44e5-86ef-91ce72a5bacd","maneja el error 401 limpiando la sesión y redirigiendo","passed","2026-04-22T21:10:52.457Z","2026-04-22T21:10:52.463Z","6","api.js (Interceptors)","","","src.services.api.test.js","vitest","DESKTOP-4V343CM","Ejecución 3"
"89091332-8d97-4acd-badb-aee647084fb4","ignora otros errores que no sean 401","passed","2026-04-22T21:10:52.463Z","2026-04-22T21:10:52.465Z","2","api.js (Interceptors)","","","src.services.api.test.js","vitest","DESKTOP-4V343CM","Ejecución 3"
"264d88c0-12b7-459c-95c9-6e47192727d7","redirige a login si la ruta es privada y no hay token","passed","2026-04-22T21:10:52.839Z","2026-04-22T21:10:52.851Z","12","router/index.js (navigationGuard)","","","src.router.router.test.js","vitest","DESKTOP-4V343CM","Ejecución 3"
"e188693b-1b35-477e-92c9-479de19e2269","permite acceso si la ruta es pública","passed","2026-04-22T21:10:52.851Z","2026-04-22T21:10:52.853Z","2","router/index.js (navigationGuard)","","","src.router.router.test.js","vitest","DESKTOP-4V343CM","Ejecución 3"
"1607d733-4afe-4f9f-b6e9-ed4d3167f63f","redirige a dashboard si intenta ir a login estando autenticado","passed","2026-04-22T21:10:52.853Z","2026-04-22T21:10:52.855Z","2","router/index.js (navigationGuard)","","","src.router.router.test.js","vitest","DESKTOP-4V343CM","Ejecución 3"
"e3c1d1d7-1b07-4b1a-9a60-975d1d97c695","bloquea rutas si el usuario no tiene el permiso requerido","passed","2026-04-22T21:10:52.855Z","2026-04-22T21:10:52.857Z","2","router/index.js (navigationGuard)","","","src.router.router.test.js","vitest","DESKTOP-4V343CM","Ejecución 3"
"9c61ac65-e81c-4f84-9fbb-20b6b5333e8c","permite acceso si el usuario tiene el permiso requerido","passed","2026-04-22T21:10:52.857Z","2026-04-22T21:10:52.859Z","2","router/index.js (navigationGuard)","","","src.router.router.test.js","vitest","DESKTOP-4V343CM","Ejecución 3"
"feef67a7-1c40-4c4d-b330-ef65e8353e5c","renderiza correctamente el formulario de login","passed","2026-04-22T21:10:52.926Z","2026-04-22T21:10:53.029Z","103","LoginView.vue","","","src.views.LoginView.test.js","vitest","DESKTOP-4V343CM","Ejecución 3"
"518c0d6a-e217-433d-adb5-bc5e957e6930","alterna la visibilidad de la contraseña al pulsar el botón de ojo","passed","2026-04-22T21:10:53.031Z","2026-04-22T21:10:53.067Z","36","LoginView.vue","","","src.views.LoginView.test.js","vitest","DESKTOP-4V343CM","Ejecución 3"
"d0d280b8-5c86-4a64-93a3-10412b063fee","intento de login exitoso redirige al dashboard","passed","2026-04-22T21:10:53.067Z","2026-04-22T21:10:53.102Z","35","LoginView.vue","","","src.views.LoginView.test.js","vitest","DESKTOP-4V343CM","Ejecución 3"
"e3cf6339-c137-4c58-ac97-042c2fcee06d","maneja fallos de servidor correctamente","passed","2026-04-22T21:10:53.102Z","2026-04-22T21:10:53.135Z","33","LoginView.vue","","","src.views.LoginView.test.js","vitest","DESKTOP-4V343CM","Ejecución 3"
"3f8609c1-51a0-470d-8a34-072f3fe16cfd","inicializa con valores nulos si no hay nada en localStorage","passed","2026-04-22T21:10:56.776Z","2026-04-22T21:10:56.788Z","12","authStore","","","src.store.auth.test.js","vitest","DESKTOP-4V343CM","Ejecución 3"
"bdf82b35-9c34-4d5e-8190-63a4ac8d91c8","login exitoso actualiza el estado y localStorage","passed","2026-04-22T21:10:56.788Z","2026-04-22T21:10:56.793Z","5","authStore","","","src.store.auth.test.js","vitest","DESKTOP-4V343CM","Ejecución 3"
"509a99f5-60d9-443c-9ccc-4f4262e61d44","clearSession limpia el estado y localStorage","passed","2026-04-22T21:10:56.793Z","2026-04-22T21:10:56.795Z","2","authStore","","","src.store.auth.test.js","vitest","DESKTOP-4V343CM","Ejecución 3"
"1ff4d332-59cb-48da-b2f4-dee930b8f019","logout limpia sesion incluso si la API falla","passed","2026-04-22T21:10:56.795Z","2026-04-22T21:10:56.801Z","6","authStore","","","src.store.auth.test.js","vitest","DESKTOP-4V343CM","Ejecución 3"
"1e7fea6d-70f0-40f1-afc9-fef46ccf0a73","Camino 1: Creación Exitosa (CREATE path)","passed","2026-04-22T21:10:56.918Z","2026-04-22T21:10:56.931Z","13","bookController - White Box Testing (saveBook)","","","src.controllers.bookController.test.js","vitest","DESKTOP-4V343CM","Ejecución 3"
"a67b1461-d4d6-46c6-82f4-9d1fba34be8c","Camino 2: Edición Exitosa (UPDATE path)","passed","2026-04-22T21:10:56.931Z","2026-04-22T21:10:56.935Z","4","bookController - White Box Testing (saveBook)","","","src.controllers.bookController.test.js","vitest","DESKTOP-4V343CM","Ejecución 3"
"75e0bbdc-d0d1-4b51-b481-8beb5a1a5873","Camino 3: Error de Validación (422 path)","passed","2026-04-22T21:10:56.935Z","2026-04-22T21:10:56.938Z","3","bookController - White Box Testing (saveBook)","","","src.controllers.bookController.test.js","vitest","DESKTOP-4V343CM","Ejecución 3"
"4af5d85c-631f-4b0b-b0e2-548cce6cbff5","Camino 4: Error General de Servidor (Fallback path)","passed","2026-04-22T21:10:56.938Z","2026-04-22T21:10:56.940Z","2","bookController - White Box Testing (saveBook)","","","src.controllers.bookController.test.js","vitest","DESKTOP-4V343CM","Ejecución 3"
"5ec6b548-0be0-4282-9803-45e136f9ab79","login llama al endpoint correcto con las credenciales","passed","2026-04-22T21:10:57.446Z","2026-04-22T21:10:57.455Z","9","authService","","","src.services.authService.test.js","vitest","DESKTOP-4V343CM","Ejecución 3"
"e9618ec7-959d-4364-84a9-8f629c92daf4","logout llama al endpoint de logout","passed","2026-04-22T21:10:57.454Z","2026-04-22T21:10:57.455Z","1","authService","","","src.services.authService.test.js","vitest","DESKTOP-4V343CM","Ejecución 3"
"e10d9818-5627-4817-8f83-d09571db9f00","me llama al endpoint /auth/me","passed","2026-04-22T21:10:57.455Z","2026-04-22T21:10:57.456Z","1","authService","","","src.services.authService.test.js","vitest","DESKTOP-4V343CM","Ejecución 3"
"00205ef7-fd6f-4273-9e94-5dda29e858ff","Autenticación y Navegación al Dashboard","failed","2026-04-22T21:11:13.849Z","2026-04-22T21:11:28.166Z","14317","chromium","library.spec.js","Flujo de la Biblioteca Digital","library.spec.js","playwright","DESKTOP-4V343CM","Ejecución 3"
"41057723-e37b-4cf3-85de-0a5bc4d59fc1","Sincronización y Gestión de Libros","broken","2026-04-22T21:11:32.116Z","2026-04-22T21:13:32.449Z","120333","chromium","library.spec.js","Flujo de la Biblioteca Digital","library.spec.js","playwright","DESKTOP-4V343CM","Ejecución 3"
"b2cdc96f-ad84-4598-9943-f086a32e1b2c","Restricciones de Rol (Bibliotecario)","failed","2026-04-22T21:13:35.593Z","2026-04-22T21:13:42.453Z","6860","chromium","library.spec.js","Flujo de la Biblioteca Digital","library.spec.js","playwright","DESKTOP-4V343CM","Ejecución 3"
"41ef2e52-fee4-4253-a546-cc34d4befcba","Reporte de Incidencia a GLPI","failed","2026-04-22T21:13:46.302Z","2026-04-22T21:13:53.254Z","6952","chromium","library.spec.js","Flujo de la Biblioteca Digital","library.spec.js","playwright","DESKTOP-4V343CM","Ejecución 3"
"e8ef850c-9b38-4cb7-a107-324e7f954c0f","it filters books by genre","passed","2026-04-22T21:21:20.216Z","2026-04-22T21:21:20.311Z","95","","P\Tests\Unit\BookRepositoryTest","","","pest","DESKTOP-4V343CM","Ejecución 4"
"b6caf560-d979-4131-82d3-681a5295b945","it filters books by status","passed","2026-04-22T21:21:20.375Z","2026-04-22T21:21:20.388Z","13","","P\Tests\Unit\BookRepositoryTest","","","pest","DESKTOP-4V343CM","Ejecución 4"
"f3da8243-9580-443f-ba63-fe7c15db9311","it filters books by global query","passed","2026-04-22T21:21:20.452Z","2026-04-22T21:21:20.466Z","14","","P\Tests\Unit\BookRepositoryTest","","","pest","DESKTOP-4V343CM","Ejecución 4"
"11daa6a8-a6a3-4eb2-ab26-03c3971f0bd9","it returns all records without pagination","passed","2026-04-22T21:21:20.529Z","2026-04-22T21:21:20.560Z","31","","P\Tests\Unit\BookRepositoryTest","","","pest","DESKTOP-4V343CM","Ejecución 4"
"433e82db-0ca9-490c-8a02-c1837d72870e","it filters by multiple criteria","passed","2026-04-22T21:21:20.622Z","2026-04-22T21:21:20.630Z","8","","P\Tests\Unit\BookRepositoryTest","","","pest","DESKTOP-4V343CM","Ejecución 4"
"392d423f-1775-42d6-b418-324fcc1a94a9","it asserts true is true  basic unit test","passed","2026-04-22T21:21:20.807Z","2026-04-22T21:21:20.809Z","2","","P\Tests\Unit\ExampleTest","","","pest","DESKTOP-4V343CM","Ejecución 4"
"3adfd861-dfa7-4030-83f9-e3f7346e0cb1","getSessionToken obtains and caches the token","passed","2026-04-22T21:21:20.901Z","2026-04-22T21:21:20.957Z","56","","P\Tests\Unit\GlpiServiceTest","","","pest","DESKTOP-4V343CM","Ejecución 4"
"def96cd0-fcc7-4e52-922f-46f91ea6ca30","getSessionToken handles connection errors  GLPI offline","passed","2026-04-22T21:21:21.018Z","2026-04-22T21:21:21.039Z","21","","P\Tests\Unit\GlpiServiceTest","","","pest","DESKTOP-4V343CM","Ejecución 4"
"b71b0237-d522-4aef-b4d8-77de01b0388c","findUserByEmail builds the search query correctly","passed","2026-04-22T21:21:21.105Z","2026-04-22T21:21:21.107Z","2","","P\Tests\Unit\GlpiServiceTest","","","pest","DESKTOP-4V343CM","Ejecución 4"
"0f479115-bb41-4c12-87bb-d93e08c53f53","createTicket uses the correct POST method","passed","2026-04-22T21:21:21.171Z","2026-04-22T21:21:21.173Z","2","","P\Tests\Unit\GlpiServiceTest","","","pest","DESKTOP-4V343CM","Ejecución 4"
"f802c922-a8c7-450e-bdf8-86f5f92b358f","password is encrypted and verifiable","passed","2026-04-22T21:21:21.250Z","2026-04-22T21:21:21.271Z","21","","P\Tests\Unit\UserAuthTest","","","pest","DESKTOP-4V343CM","Ejecución 4"
"a028ef01-1d48-4e21-89fc-e1bd2a81b4f8","user roles logic detects admin and specific roles","passed","2026-04-22T21:21:21.345Z","2026-04-22T21:21:21.349Z","4","","P\Tests\Unit\UserAuthTest","","","pest","DESKTOP-4V343CM","Ejecución 4"
"28a37c32-6316-41c2-8ba5-ab79c78e017d","Verifica que un bibliotecario no tenga permisos de eliminación para proteger la integridad de los datos.","passed","2026-04-22T21:21:21.489Z","2026-04-22T21:21:21.578Z","89","","P\Tests\Feature\AccessControlTest","","","pest","DESKTOP-4V343CM","Ejecución 4"
"1a4d94a3-aadb-4522-830b-fecfd6f12e5d","Verifica que el administrador tenga control total sobre el inventario, incluyendo la eliminación.","passed","2026-04-22T21:21:21.733Z","2026-04-22T21:21:24.942Z","3209","","P\Tests\Feature\AccessControlTest","","","pest","DESKTOP-4V343CM","Ejecución 4"
"0196a622-8f84-4394-b957-ae6648e930b7","Verifica que el sistema cierre correctamente la sesión del usuario.","passed","2026-04-22T21:21:25.018Z","2026-04-22T21:21:25.028Z","10","","P\Tests\Feature\AccessControlTest","","","pest","DESKTOP-4V343CM","Ejecución 4"
"f3eaf803-40dc-48dc-9f30-61a6cb8ae87e","a librarian can create a book and it persists in the database","passed","2026-04-22T21:21:25.191Z","2026-04-22T21:21:27.362Z","2171","","P\Tests\Feature\BookManagementTest","","","pest","DESKTOP-4V343CM","Ejecución 4"
"32ebc174-f97b-46e4-abb9-33daca0e8130","an admin can delete a book and maintain integrity","passed","2026-04-22T21:21:27.442Z","2026-04-22T21:21:27.450Z","8","","P\Tests\Feature\BookManagementTest","","","pest","DESKTOP-4V343CM","Ejecución 4"
"619e0ba2-9e2d-44cb-abcd-cb93e09e4b3d","book creation requires mandatory fields validation","passed","2026-04-22T21:21:27.532Z","2026-04-22T21:21:27.542Z","10","","P\Tests\Feature\BookManagementTest","","","pest","DESKTOP-4V343CM","Ejecución 4"
"b4de2edf-4141-4418-8a0f-f5d24e6c86a8","the application returns a successful response on home page","passed","2026-04-22T21:21:27.623Z","2026-04-22T21:21:27.672Z","49","","P\Tests\Feature\ExampleTest","","","pest","DESKTOP-4V343CM","Ejecución 4"
"209f89ba-2778-4389-a3e7-506fb0acfb30","Verifica que al registrar un préstamo, el estado del libro cambie automáticamente de Disponible a Prestado.","passed","2026-04-22T21:21:27.770Z","2026-04-22T21:21:27.790Z","20","","P\Tests\Feature\LoanIntegrationTest","","","pest","DESKTOP-4V343CM","Ejecución 4"
"de793cbe-5b77-4a63-bb76-1e10038395b1","Verifica que si un libro tiene una incidencia reportada (daños), su estado cambie a Mantenimiento al ser devuelto.","passed","2026-04-22T21:21:27.883Z","2026-04-22T21:21:27.898Z","15","","P\Tests\Feature\LoanIntegrationTest","","","pest","DESKTOP-4V343CM","Ejecución 4"
"6fe2e5dc-7b93-49b0-a975-470f14e71492","Asegura que el sistema no permita prestar libros que no estén en estado Disponible.","passed","2026-04-22T21:21:27.994Z","2026-04-22T21:21:28.002Z","8","","P\Tests\Feature\LoanIntegrationTest","","","pest","DESKTOP-4V343CM","Ejecución 4"
"23df09de-841d-47af-b02c-ad66e1f04d15","Mide el impacto en el consumo de memoria RAM al procesar grandes volúmenes de datos hidratados desde la base de datos.","passed","2026-04-22T21:21:28.117Z","2026-04-22T21:21:28.923Z","806","","P\Tests\Feature\PerformanceTest","","","pest","DESKTOP-4V343CM","Ejecución 4"
"f825785b-69f7-43e6-b6d4-c608782a4911","Mide el tiempo de respuesta interno del servicio GLPI, incluyendo el parseo de respuestas y gestión de sesiones.","passed","2026-04-22T21:21:29.007Z","2026-04-22T21:21:29.009Z","2","","P\Tests\Feature\PerformanceTest","","","pest","DESKTOP-4V343CM","Ejecución 4"
"cea7ba0a-73c1-4625-be81-60d60c515e91","a reader cannot access user management endpoints","passed","2026-04-22T21:21:29.159Z","2026-04-22T21:21:29.167Z","8","","P\Tests\Feature\PrivilegeEscalationTest","","","pest","DESKTOP-4V343CM","Ejecución 4"
"578e899e-9c8c-4aae-aad6-4e7f331727ae","a librarian cannot access roles and permissions configuration","passed","2026-04-22T21:21:29.260Z","2026-04-22T21:21:29.267Z","7","","P\Tests\Feature\PrivilegeEscalationTest","","","pest","DESKTOP-4V343CM","Ejecución 4"
"7eb58b4f-0867-49e4-a842-d11601d080f6","unauthenticated users are blocked from protected routes  books","passed","2026-04-22T21:21:29.347Z","2026-04-22T21:21:29.352Z","5","","P\Tests\Feature\PrivilegeEscalationTest","","","pest","DESKTOP-4V343CM","Ejecución 4"
"bdd1f8cb-a1c0-4aa5-a7db-33dde3347a44","a reader cannot trigger manual GLPI synchronization","passed","2026-04-22T21:21:29.435Z","2026-04-22T21:21:29.442Z","7","","P\Tests\Feature\PrivilegeEscalationTest","","","pest","DESKTOP-4V343CM","Ejecución 4"
"8bbcfec6-10fb-4919-abe7-28afa4526dff","api ensures sensitive data like passwords are not exposed in user details","passed","2026-04-22T21:21:29.539Z","2026-04-22T21:21:29.545Z","6","","P\Tests\Feature\PrivilegeEscalationTest","","","pest","DESKTOP-4V343CM","Ejecución 4"
"ac12584d-d64d-4284-a6d8-dd861a09ebc9","system recovers from GLPI connection timeout by prioritizing local changes","passed","2026-04-22T21:21:29.665Z","2026-04-22T21:21:29.681Z","16","","P\Tests\Feature\RecoveryTest","","","pest","DESKTOP-4V343CM","Ejecución 4"
"375edccb-aedf-4e5e-bdf0-4212fd3a43ee","system automatically refreshes GLPI session token on 401 Unauthorized","passed","2026-04-22T21:21:29.799Z","2026-04-22T21:21:29.820Z","21","","P\Tests\Feature\RecoveryTest","","","pest","DESKTOP-4V343CM","Ejecución 4"
"9456d7ba-7f5a-4467-9dd7-4ef54266ff78","rolls back database transactions on critical failures to maintain integrity","passed","2026-04-22T21:21:29.913Z","2026-04-22T21:21:29.915Z","2","","P\Tests\Feature\RecoveryTest","","","pest","DESKTOP-4V343CM","Ejecución 4"
"a6848a42-a73f-45f3-95a3-0f92c865c379","system rejects XSS payloads in book titles","passed","2026-04-22T21:21:30.034Z","2026-04-22T21:21:30.043Z","9","","P\Tests\Feature\SecurityValidationTest","","","pest","DESKTOP-4V343CM","Ejecución 4"
"d3fd3b7f-72ff-4d68-a278-6b61834030d6","system rejects SQL comments in ISBN field","passed","2026-04-22T21:21:30.125Z","2026-04-22T21:21:30.133Z","8","","P\Tests\Feature\SecurityValidationTest","","","pest","DESKTOP-4V343CM","Ejecución 4"
"d4e72d0b-50c6-411c-8423-42e1a1f672b0","system rejects multi statement SQL injection signatures","passed","2026-04-22T21:21:30.260Z","2026-04-22T21:21:30.268Z","8","","P\Tests\Feature\SecurityValidationTest","","","pest","DESKTOP-4V343CM","Ejecución 4"
"82782e69-1eee-47f6-bd09-97808dd09ef7","system allows legitimate special characters like quotes in titles","passed","2026-04-22T21:21:30.361Z","2026-04-22T21:21:32.341Z","1980","","P\Tests\Feature\SecurityValidationTest","","","pest","DESKTOP-4V343CM","Ejecución 4"
"23da54c0-e453-4227-a6bc-60888f46aeb4","IDOR protection  readers cannot access other users loan details","passed","2026-04-22T21:21:32.430Z","2026-04-22T21:21:32.439Z","9","","P\Tests\Feature\SecurityValidationTest","","","pest","DESKTOP-4V343CM","Ejecución 4"
"62b675b8-c8e7-49b3-84e2-482134335f35","detects SQL injection bypass attempts using Hex encoding","passed","2026-04-22T21:21:32.523Z","2026-04-22T21:21:32.531Z","8","","P\Tests\Feature\SecurityValidationTest","","","pest","DESKTOP-4V343CM","Ejecución 4"
"d0ef5b4f-fdc9-46af-be3f-88f171da109b","Evalúa la latencia de respuesta del sistema al manejar miles de registros de libros en el inventario.","passed","2026-04-22T21:21:32.653Z","2026-04-22T21:21:34.118Z","1465","","P\Tests\Feature\StressTest","","","pest","DESKTOP-4V343CM","Ejecución 4"
"56bbe08a-e46a-4380-af24-79351fcc86d4","Verifica la capacidad del servidor para procesar ráfagas secuenciales de peticiones sin degradación de servicio.","passed","2026-04-22T21:21:34.247Z","2026-04-22T21:21:34.410Z","163","","P\Tests\Feature\StressTest","","","pest","DESKTOP-4V343CM","Ejecución 4"
"acd948c5-8f5c-44a5-abe3-3bbad07911cd","inicializa con valores nulos si no hay nada en localStorage","passed","2026-04-22T21:22:01.015Z","2026-04-22T21:22:01.025Z","10","authStore","","","src.store.auth.test.js","vitest","DESKTOP-4V343CM","Ejecución 4"
"6d83e7a0-d67a-4809-9f75-ef19209eed6b","login exitoso actualiza el estado y localStorage","passed","2026-04-22T21:22:01.026Z","2026-04-22T21:22:01.032Z","6","authStore","","","src.store.auth.test.js","vitest","DESKTOP-4V343CM","Ejecución 4"
"62a01740-3cfe-4f96-be46-4c8c91ca4c93","clearSession limpia el estado y localStorage","passed","2026-04-22T21:22:01.032Z","2026-04-22T21:22:01.034Z","2","authStore","","","src.store.auth.test.js","vitest","DESKTOP-4V343CM","Ejecución 4"
"a9cdf467-e3f1-47ca-a4ce-2e121150bb92","logout limpia sesion incluso si la API falla","passed","2026-04-22T21:22:01.034Z","2026-04-22T21:22:01.036Z","2","authStore","","","src.store.auth.test.js","vitest","DESKTOP-4V343CM","Ejecución 4"
"ad396d52-973d-4636-a09d-bff6805f80e8","renderiza correctamente el formulario de login","passed","2026-04-22T21:22:01.585Z","2026-04-22T21:22:01.688Z","103","LoginView.vue","","","src.views.LoginView.test.js","vitest","DESKTOP-4V343CM","Ejecución 4"
"cfde8e2b-c68a-4c7f-9456-64e67206ff95","alterna la visibilidad de la contraseña al pulsar el botón de ojo","passed","2026-04-22T21:22:01.688Z","2026-04-22T21:22:01.729Z","41","LoginView.vue","","","src.views.LoginView.test.js","vitest","DESKTOP-4V343CM","Ejecución 4"
"b7ae0039-b4e1-4cfe-b5b8-8c14d517b3e7","intento de login exitoso redirige al dashboard","passed","2026-04-22T21:22:01.729Z","2026-04-22T21:22:01.759Z","30","LoginView.vue","","","src.views.LoginView.test.js","vitest","DESKTOP-4V343CM","Ejecución 4"
"6a042bee-12db-4a27-b7f2-c85c0af72582","maneja fallos de servidor correctamente","passed","2026-04-22T21:22:01.759Z","2026-04-22T21:22:01.792Z","33","LoginView.vue","","","src.views.LoginView.test.js","vitest","DESKTOP-4V343CM","Ejecución 4"
"954d2e8d-fd89-4c4c-b59b-c616fe22efa5","Camino 1: Creación Exitosa (CREATE path)","passed","2026-04-22T21:22:04.484Z","2026-04-22T21:22:04.518Z","34","bookController - White Box Testing (saveBook)","","","src.controllers.bookController.test.js","vitest","DESKTOP-4V343CM","Ejecución 4"
"087e84ac-ee84-4f7a-aab1-3a95ae2eb07a","Camino 2: Edición Exitosa (UPDATE path)","passed","2026-04-22T21:22:04.518Z","2026-04-22T21:22:04.521Z","3","bookController - White Box Testing (saveBook)","","","src.controllers.bookController.test.js","vitest","DESKTOP-4V343CM","Ejecución 4"
"f97fe03d-4107-41f5-a726-ce95c033416f","Camino 3: Error de Validación (422 path)","passed","2026-04-22T21:22:04.521Z","2026-04-22T21:22:04.523Z","2","bookController - White Box Testing (saveBook)","","","src.controllers.bookController.test.js","vitest","DESKTOP-4V343CM","Ejecución 4"
"79393715-3300-4b33-9be2-47a2f3c45763","Camino 4: Error General de Servidor (Fallback path)","passed","2026-04-22T21:22:04.523Z","2026-04-22T21:22:04.524Z","1","bookController - White Box Testing (saveBook)","","","src.controllers.bookController.test.js","vitest","DESKTOP-4V343CM","Ejecución 4"
"cabb124f-de94-41aa-a717-8437472cd9d2","añade el header de Authorization si el token existe","passed","2026-04-22T21:22:05.647Z","2026-04-22T21:22:05.660Z","13","api.js (Interceptors)","","","src.services.api.test.js","vitest","DESKTOP-4V343CM","Ejecución 4"
"1e8b470f-416d-4edc-9567-69224bcd1f8d","no añade header si no hay token","passed","2026-04-22T21:22:05.660Z","2026-04-22T21:22:05.663Z","3","api.js (Interceptors)","","","src.services.api.test.js","vitest","DESKTOP-4V343CM","Ejecución 4"
"6597a12f-48c5-49a5-8259-cdc42e475c17","maneja el error 401 limpiando la sesión y redirigiendo","passed","2026-04-22T21:22:05.663Z","2026-04-22T21:22:05.669Z","6","api.js (Interceptors)","","","src.services.api.test.js","vitest","DESKTOP-4V343CM","Ejecución 4"
"c285d708-1a4f-489c-a1d9-eda015ea379a","ignora otros errores que no sean 401","passed","2026-04-22T21:22:05.669Z","2026-04-22T21:22:05.671Z","2","api.js (Interceptors)","","","src.services.api.test.js","vitest","DESKTOP-4V343CM","Ejecución 4"
"60220a51-62bf-4454-b1ba-51a1d1d10ffa","redirige a login si la ruta es privada y no hay token","passed","2026-04-22T21:22:07.987Z","2026-04-22T21:22:08.000Z","13","router/index.js (navigationGuard)","","","src.router.router.test.js","vitest","DESKTOP-4V343CM","Ejecución 4"
"2965d6b6-a61c-4df2-879c-e465731cc258","permite acceso si la ruta es pública","passed","2026-04-22T21:22:08.000Z","2026-04-22T21:22:08.003Z","3","router/index.js (navigationGuard)","","","src.router.router.test.js","vitest","DESKTOP-4V343CM","Ejecución 4"
"f6637112-9228-4bdc-8f77-fc637fa3fa32","redirige a dashboard si intenta ir a login estando autenticado","passed","2026-04-22T21:22:08.003Z","2026-04-22T21:22:08.005Z","2","router/index.js (navigationGuard)","","","src.router.router.test.js","vitest","DESKTOP-4V343CM","Ejecución 4"
"3631489e-d255-4f18-81a6-2d40bb1b5ac3","bloquea rutas si el usuario no tiene el permiso requerido","passed","2026-04-22T21:22:08.005Z","2026-04-22T21:22:08.008Z","3","router/index.js (navigationGuard)","","","src.router.router.test.js","vitest","DESKTOP-4V343CM","Ejecución 4"
"9c1f21f8-b79f-41a5-b8e2-3cf093bec0fb","permite acceso si el usuario tiene el permiso requerido","passed","2026-04-22T21:22:08.008Z","2026-04-22T21:22:08.010Z","2","router/index.js (navigationGuard)","","","src.router.router.test.js","vitest","DESKTOP-4V343CM","Ejecución 4"
"fb7ca3d1-646e-4678-a569-5cf32de7a3fd","login llama al endpoint correcto con las credenciales","passed","2026-04-22T21:22:08.413Z","2026-04-22T21:22:08.420Z","7","authService","","","src.services.authService.test.js","vitest","DESKTOP-4V343CM","Ejecución 4"
"d7dd3067-7810-470b-bc0c-221de3eb0b0c","logout llama al endpoint de logout","passed","2026-04-22T21:22:08.421Z","2026-04-22T21:22:08.422Z","1","authService","","","src.services.authService.test.js","vitest","DESKTOP-4V343CM","Ejecución 4"
"9182f8fc-d042-48b4-95bb-d785ec7053ab","me llama al endpoint /auth/me","passed","2026-04-22T21:22:08.422Z","2026-04-22T21:22:08.423Z","1","authService","","","src.services.authService.test.js","vitest","DESKTOP-4V343CM","Ejecución 4"
"061a834a-2d5d-4c29-8887-03bd5b5de7d7","Camino 1: Creación Exitosa (CREATE path)","passed","2026-04-22T21:23:00.858Z","2026-04-22T21:23:00.872Z","14","bookController - White Box Testing (saveBook)","","","src.controllers.bookController.test.js","vitest","DESKTOP-4V343CM","Ejecución 4"
"08894e3f-961d-4728-81ba-dea53d345e2d","Camino 2: Edición Exitosa (UPDATE path)","passed","2026-04-22T21:23:00.872Z","2026-04-22T21:23:00.875Z","3","bookController - White Box Testing (saveBook)","","","src.controllers.bookController.test.js","vitest","DESKTOP-4V343CM","Ejecución 4"
"87c7fe0b-7458-4e68-83dc-0833a785ab96","Camino 3: Error de Validación (422 path)","passed","2026-04-22T21:23:00.875Z","2026-04-22T21:23:00.878Z","3","bookController - White Box Testing (saveBook)","","","src.controllers.bookController.test.js","vitest","DESKTOP-4V343CM","Ejecución 4"
"0a8e35b9-a824-4e74-914b-3089c6274171","Camino 4: Error General de Servidor (Fallback path)","passed","2026-04-22T21:23:00.878Z","2026-04-22T21:23:00.880Z","2","bookController - White Box Testing (saveBook)","","","src.controllers.bookController.test.js","vitest","DESKTOP-4V343CM","Ejecución 4"
"0e9eb6a4-cb7b-42fe-8ea9-47199d511018","renderiza correctamente el formulario de login","passed","2026-04-22T21:23:01.096Z","2026-04-22T21:23:01.185Z","89","LoginView.vue","","","src.views.LoginView.test.js","vitest","DESKTOP-4V343CM","Ejecución 4"
"b0b083ad-a5d6-44ef-9aea-010f50a5ac55","alterna la visibilidad de la contraseña al pulsar el botón de ojo","passed","2026-04-22T21:23:01.185Z","2026-04-22T21:23:01.218Z","33","LoginView.vue","","","src.views.LoginView.test.js","vitest","DESKTOP-4V343CM","Ejecución 4"
"19604651-91b8-4e48-8e5c-d2245e1a6b83","intento de login exitoso redirige al dashboard","passed","2026-04-22T21:23:01.219Z","2026-04-22T21:23:01.282Z","63","LoginView.vue","","","src.views.LoginView.test.js","vitest","DESKTOP-4V343CM","Ejecución 4"
"7df9e401-3da3-4f65-967a-af9b5728b42a","maneja fallos de servidor correctamente","passed","2026-04-22T21:23:01.282Z","2026-04-22T21:23:01.305Z","23","LoginView.vue","","","src.views.LoginView.test.js","vitest","DESKTOP-4V343CM","Ejecución 4"
"a509e895-ba1c-45eb-88e8-3b51748d0d80","añade el header de Authorization si el token existe","passed","2026-04-22T21:23:04.071Z","2026-04-22T21:23:04.082Z","11","api.js (Interceptors)","","","src.services.api.test.js","vitest","DESKTOP-4V343CM","Ejecución 4"
"381fc440-3979-4e58-9769-9932734f9047","no añade header si no hay token","passed","2026-04-22T21:23:04.082Z","2026-04-22T21:23:04.084Z","2","api.js (Interceptors)","","","src.services.api.test.js","vitest","DESKTOP-4V343CM","Ejecución 4"
"fc721f82-3ac8-4e96-a4e8-0a4f3362d779","maneja el error 401 limpiando la sesión y redirigiendo","passed","2026-04-22T21:23:04.084Z","2026-04-22T21:23:04.089Z","5","api.js (Interceptors)","","","src.services.api.test.js","vitest","DESKTOP-4V343CM","Ejecución 4"
"c164e7c2-129a-4c4f-9533-86fc6db031e5","ignora otros errores que no sean 401","passed","2026-04-22T21:23:04.089Z","2026-04-22T21:23:04.090Z","1","api.js (Interceptors)","","","src.services.api.test.js","vitest","DESKTOP-4V343CM","Ejecución 4"
"52d01c0a-7290-4ed0-aed7-aa816e62c3f5","redirige a login si la ruta es privada y no hay token","passed","2026-04-22T21:23:04.774Z","2026-04-22T21:23:04.787Z","13","router/index.js (navigationGuard)","","","src.router.router.test.js","vitest","DESKTOP-4V343CM","Ejecución 4"
"7bed2524-b1e4-4642-999e-289517f2b490","permite acceso si la ruta es pública","passed","2026-04-22T21:23:04.787Z","2026-04-22T21:23:04.790Z","3","router/index.js (navigationGuard)","","","src.router.router.test.js","vitest","DESKTOP-4V343CM","Ejecución 4"
"b2bd928b-9e38-475c-81c6-1e060e192c56","redirige a dashboard si intenta ir a login estando autenticado","passed","2026-04-22T21:23:04.790Z","2026-04-22T21:23:04.795Z","5","router/index.js (navigationGuard)","","","src.router.router.test.js","vitest","DESKTOP-4V343CM","Ejecución 4"
"c92226e0-5622-4e27-8a15-5e4307f8ac86","bloquea rutas si el usuario no tiene el permiso requerido","passed","2026-04-22T21:23:04.795Z","2026-04-22T21:23:04.801Z","6","router/index.js (navigationGuard)","","","src.router.router.test.js","vitest","DESKTOP-4V343CM","Ejecución 4"
"037f6550-1779-428c-9278-bcf309c117d9","permite acceso si el usuario tiene el permiso requerido","passed","2026-04-22T21:23:04.801Z","2026-04-22T21:23:04.802Z","1","router/index.js (navigationGuard)","","","src.router.router.test.js","vitest","DESKTOP-4V343CM","Ejecución 4"
"962639b1-54f6-456d-8d65-6a2e7fc0ea89","inicializa con valores nulos si no hay nada en localStorage","passed","2026-04-22T21:23:07.290Z","2026-04-22T21:23:07.302Z","12","authStore","","","src.store.auth.test.js","vitest","DESKTOP-4V343CM","Ejecución 4"
"b6f6a5b3-e656-4b04-afb3-22fb28b81cd2","login exitoso actualiza el estado y localStorage","passed","2026-04-22T21:23:07.302Z","2026-04-22T21:23:07.312Z","10","authStore","","","src.store.auth.test.js","vitest","DESKTOP-4V343CM","Ejecución 4"
"c10dc3da-4712-4878-bb77-8d78e1e935a2","clearSession limpia el estado y localStorage","passed","2026-04-22T21:23:07.312Z","2026-04-22T21:23:07.315Z","3","authStore","","","src.store.auth.test.js","vitest","DESKTOP-4V343CM","Ejecución 4"
"85ca91d7-5242-4a7c-849a-30e912841504","logout limpia sesion incluso si la API falla","passed","2026-04-22T21:23:07.315Z","2026-04-22T21:23:07.318Z","3","authStore","","","src.store.auth.test.js","vitest","DESKTOP-4V343CM","Ejecución 4"
"e803c725-ef68-4bee-a117-81dcef812dc6","login llama al endpoint correcto con las credenciales","passed","2026-04-22T21:23:07.696Z","2026-04-22T21:23:07.704Z","8","authService","","","src.services.authService.test.js","vitest","DESKTOP-4V343CM","Ejecución 4"
"05d2e267-f55b-43d3-879d-c1b8e951c9df","logout llama al endpoint de logout","passed","2026-04-22T21:23:07.705Z","2026-04-22T21:23:07.706Z","1","authService","","","src.services.authService.test.js","vitest","DESKTOP-4V343CM","Ejecución 4"
"0b0c6494-505f-4d6d-8138-beb272f2874c","me llama al endpoint /auth/me","passed","2026-04-22T21:23:07.706Z","2026-04-22T21:23:07.707Z","1","authService","","","src.services.authService.test.js","vitest","DESKTOP-4V343CM","Ejecución 4"
"86de7045-9174-414c-86a5-d31d419a5ccb","Autenticación y Navegación al Dashboard","passed","2026-04-22T21:24:23.610Z","2026-04-22T21:24:29.905Z","6295","chromium","library.spec.js","Flujo de la Biblioteca Digital","library.spec.js","playwright","DESKTOP-4V343CM","Ejecución 4"
"ff0d6c54-1585-4625-8cda-2b62bb76ceea","Sincronización y Gestión de Libros","passed","2026-04-22T21:24:30.502Z","2026-04-22T21:24:49.850Z","19348","chromium","library.spec.js","Flujo de la Biblioteca Digital","library.spec.js","playwright","DESKTOP-4V343CM","Ejecución 4"
"2f7cd0ff-04be-4dd4-85c2-8dd68f1ae5cf","Restricciones de Rol (Bibliotecario)","passed","2026-04-22T21:24:49.859Z","2026-04-22T21:24:54.919Z","5060","chromium","library.spec.js","Flujo de la Biblioteca Digital","library.spec.js","playwright","DESKTOP-4V343CM","Ejecución 4"
"e220339f-b7dc-44af-8df4-6df2721cfd8b","Reporte de Incidencia a GLPI","passed","2026-04-22T21:24:54.977Z","2026-04-22T21:25:16.354Z","21377","chromium","library.spec.js","Flujo de la Biblioteca Digital","library.spec.js","playwright","DESKTOP-4V343CM","Ejecución 4"
"506c2eb5-951a-46eb-96ac-236f68deff44","it filters books by genre","passed","2026-04-22T22:29:36.044Z","2026-04-22T22:29:36.200Z","156","","P\Tests\Unit\BookRepositoryTest","","","pest","DESKTOP-4V343CM","Ejecución 5"
"a37a0f53-b817-4b28-ad33-798a53790595","it filters books by status","passed","2026-04-22T22:29:36.278Z","2026-04-22T22:29:36.295Z","17","","P\Tests\Unit\BookRepositoryTest","","","pest","DESKTOP-4V343CM","Ejecución 5"
"732aaffa-2e86-48b8-b9fa-66b73fec96aa","it filters books by global query","passed","2026-04-22T22:29:36.388Z","2026-04-22T22:29:36.405Z","17","","P\Tests\Unit\BookRepositoryTest","","","pest","DESKTOP-4V343CM","Ejecución 5"
"0a96e3a0-420a-4ac6-b007-e42614c0a19b","it returns all records without pagination","passed","2026-04-22T22:29:36.488Z","2026-04-22T22:29:36.543Z","55","","P\Tests\Unit\BookRepositoryTest","","","pest","DESKTOP-4V343CM","Ejecución 5"
"fa571741-bd33-4d25-a011-2344b257a8de","it filters by multiple criteria","passed","2026-04-22T22:29:36.703Z","2026-04-22T22:29:36.723Z","20","","P\Tests\Unit\BookRepositoryTest","","","pest","DESKTOP-4V343CM","Ejecución 5"
"aff43d56-5c54-4cbb-a5f5-8f6fa526193b","it asserts true is true  basic unit test","passed","2026-04-22T22:29:37.408Z","2026-04-22T22:29:37.457Z","49","","P\Tests\Unit\ExampleTest","","","pest","DESKTOP-4V343CM","Ejecución 5"
"2bababa4-32fd-4547-928b-71280bbc1f1a","getSessionToken obtains and caches the token","passed","2026-04-22T22:29:37.700Z","2026-04-22T22:29:37.779Z","79","","P\Tests\Unit\GlpiServiceTest","","","pest","DESKTOP-4V343CM","Ejecución 5"
"ad999215-9c3d-492f-aa60-92ad2fe6ca35","getSessionToken handles connection errors  GLPI offline","passed","2026-04-22T22:29:37.968Z","2026-04-22T22:29:38.005Z","37","","P\Tests\Unit\GlpiServiceTest","","","pest","DESKTOP-4V343CM","Ejecución 5"
"142bf326-ca4e-442f-87a8-6812c657a1a2","findUserByEmail builds the search query correctly","passed","2026-04-22T22:29:38.072Z","2026-04-22T22:29:38.074Z","2","","P\Tests\Unit\GlpiServiceTest","","","pest","DESKTOP-4V343CM","Ejecución 5"
"15b020dd-c470-46fa-acfc-869ea9790dec","createTicket uses the correct POST method","passed","2026-04-22T22:29:38.136Z","2026-04-22T22:29:38.138Z","2","","P\Tests\Unit\GlpiServiceTest","","","pest","DESKTOP-4V343CM","Ejecución 5"
"dd9a518e-ae9e-4bd9-adbc-4b5f08b94cc1","password is encrypted and verifiable","passed","2026-04-22T22:29:38.215Z","2026-04-22T22:29:38.244Z","29","","P\Tests\Unit\UserAuthTest","","","pest","DESKTOP-4V343CM","Ejecución 5"
"2c0e88cf-01ad-4451-87ab-2d7801dfa0f3","user roles logic detects admin and specific roles","passed","2026-04-22T22:29:38.314Z","2026-04-22T22:29:38.317Z","3","","P\Tests\Unit\UserAuthTest","","","pest","DESKTOP-4V343CM","Ejecución 5"
"3be2dde1-d0ef-41ba-a8b0-8dc212ee59a8","Verifica que un bibliotecario no tenga permisos de eliminación para proteger la integridad de los datos.","passed","2026-04-22T22:29:38.418Z","2026-04-22T22:29:38.511Z","93","","P\Tests\Feature\AccessControlTest","","","pest","DESKTOP-4V343CM","Ejecución 5"
"f1aa57f8-c524-4331-9598-8d0bbda013a2","Verifica que el administrador tenga control total sobre el inventario, incluyendo la eliminación.","passed","2026-04-22T22:29:38.601Z","2026-04-22T22:29:41.216Z","2615","","P\Tests\Feature\AccessControlTest","","","pest","DESKTOP-4V343CM","Ejecución 5"
"512ac88c-d894-4721-ad49-e8527d872545","Verifica que el sistema cierre correctamente la sesión del usuario.","passed","2026-04-22T22:29:41.291Z","2026-04-22T22:29:41.302Z","11","","P\Tests\Feature\AccessControlTest","","","pest","DESKTOP-4V343CM","Ejecución 5"
"12d943cb-349d-4bdc-b495-d242c12a6974","a librarian can create a book and it persists in the database","passed","2026-04-22T22:29:41.419Z","2026-04-22T22:29:43.991Z","2572","","P\Tests\Feature\BookManagementTest","","","pest","DESKTOP-4V343CM","Ejecución 5"
"ebb04503-00d4-4a14-9aac-77471ab95ffb","an admin can delete a book and maintain integrity","passed","2026-04-22T22:29:44.069Z","2026-04-22T22:29:44.076Z","7","","P\Tests\Feature\BookManagementTest","","","pest","DESKTOP-4V343CM","Ejecución 5"
"9f8a58d8-0a29-423c-9e8d-b3814520a42a","book creation requires mandatory fields validation","passed","2026-04-22T22:29:44.155Z","2026-04-22T22:29:44.166Z","11","","P\Tests\Feature\BookManagementTest","","","pest","DESKTOP-4V343CM","Ejecución 5"
"3f2227f5-edf9-4018-91f7-098f908abf33","the application returns a successful response on home page","passed","2026-04-22T22:29:44.243Z","2026-04-22T22:29:44.279Z","36","","P\Tests\Feature\ExampleTest","","","pest","DESKTOP-4V343CM","Ejecución 5"
"4cd2adcb-43c8-4f19-ae44-543527426921","Verifica que al registrar un préstamo, el estado del libro cambie automáticamente de Disponible a Prestado.","passed","2026-04-22T22:29:44.388Z","2026-04-22T22:29:44.409Z","21","","P\Tests\Feature\LoanIntegrationTest","","","pest","DESKTOP-4V343CM","Ejecución 5"
"8ae2132b-1bac-4618-b613-be638fe0e41c","Verifica que si un libro tiene una incidencia reportada (daños), su estado cambie a Mantenimiento al ser devuelto.","passed","2026-04-22T22:29:44.493Z","2026-04-22T22:29:44.507Z","14","","P\Tests\Feature\LoanIntegrationTest","","","pest","DESKTOP-4V343CM","Ejecución 5"
"fcd53f21-17d0-4cd2-a7e3-4d7b50e9e00e","Asegura que el sistema no permita prestar libros que no estén en estado Disponible.","passed","2026-04-22T22:29:44.598Z","2026-04-22T22:29:44.606Z","8","","P\Tests\Feature\LoanIntegrationTest","","","pest","DESKTOP-4V343CM","Ejecución 5"
"f3229182-df7a-43ff-b7df-770e3df57a96","Mide el impacto en el consumo de memoria RAM al procesar grandes volúmenes de datos hidratados desde la base de datos.","passed","2026-04-22T22:29:44.701Z","2026-04-22T22:29:45.373Z","672","","P\Tests\Feature\PerformanceTest","","","pest","DESKTOP-4V343CM","Ejecución 5"
"b037126f-9154-4835-a0c7-6ec2562c307f","Mide el tiempo de respuesta interno del servicio GLPI, incluyendo el parseo de respuestas y gestión de sesiones.","passed","2026-04-22T22:29:45.471Z","2026-04-22T22:29:45.473Z","2","","P\Tests\Feature\PerformanceTest","","","pest","DESKTOP-4V343CM","Ejecución 5"
"08cf8adb-a801-4bd1-abb2-c4dc307e4135","a reader cannot access user management endpoints","passed","2026-04-22T22:29:45.573Z","2026-04-22T22:29:45.580Z","7","","P\Tests\Feature\PrivilegeEscalationTest","","","pest","DESKTOP-4V343CM","Ejecución 5"
"1ec4d2d3-5704-4ad3-8965-acfd403ac9e0","a librarian cannot access roles and permissions configuration","passed","2026-04-22T22:29:45.668Z","2026-04-22T22:29:45.673Z","5","","P\Tests\Feature\PrivilegeEscalationTest","","","pest","DESKTOP-4V343CM","Ejecución 5"
"d8f50aac-be22-434d-bde1-bdc704fe1b0e","unauthenticated users are blocked from protected routes  books","passed","2026-04-22T22:29:45.754Z","2026-04-22T22:29:45.759Z","5","","P\Tests\Feature\PrivilegeEscalationTest","","","pest","DESKTOP-4V343CM","Ejecución 5"
"dde82ab4-9f62-4c58-8e4c-61fc7d901006","a reader cannot trigger manual GLPI synchronization","passed","2026-04-22T22:29:45.841Z","2026-04-22T22:29:45.857Z","16","","P\Tests\Feature\PrivilegeEscalationTest","","","pest","DESKTOP-4V343CM","Ejecución 5"
"e848a4b9-6ca2-42c8-b6ff-a6b71364bb0d","api ensures sensitive data like passwords are not exposed in user details","passed","2026-04-22T22:29:45.965Z","2026-04-22T22:29:45.973Z","8","","P\Tests\Feature\PrivilegeEscalationTest","","","pest","DESKTOP-4V343CM","Ejecución 5"
"d57e5017-0f0b-46e5-8d4d-5c6d5bf7662d","system recovers from GLPI connection timeout by prioritizing local changes","passed","2026-04-22T22:29:46.104Z","2026-04-22T22:29:46.122Z","18","","P\Tests\Feature\RecoveryTest","","","pest","DESKTOP-4V343CM","Ejecución 5"
"e4dd72cb-e725-4f09-b6bb-f20055c8d4b2","system automatically refreshes GLPI session token on 401 Unauthorized","passed","2026-04-22T22:29:46.220Z","2026-04-22T22:29:46.225Z","5","","P\Tests\Feature\RecoveryTest","","","pest","DESKTOP-4V343CM","Ejecución 5"
"65d3f1ea-1ec4-4475-af9f-5477c9d9f168","rolls back database transactions on critical failures to maintain integrity","passed","2026-04-22T22:29:46.334Z","2026-04-22T22:29:46.336Z","2","","P\Tests\Feature\RecoveryTest","","","pest","DESKTOP-4V343CM","Ejecución 5"
"78189eac-6de1-47e1-9c34-d20104e7e90c","system rejects XSS payloads in book titles","passed","2026-04-22T22:29:46.523Z","2026-04-22T22:29:46.535Z","12","","P\Tests\Feature\SecurityValidationTest","","","pest","DESKTOP-4V343CM","Ejecución 5"
"445e5bdc-5f4e-424b-90ad-c52134a4e490","system rejects SQL comments in ISBN field","passed","2026-04-22T22:29:46.619Z","2026-04-22T22:29:46.627Z","8","","P\Tests\Feature\SecurityValidationTest","","","pest","DESKTOP-4V343CM","Ejecución 5"
"9aa17593-32bb-40cb-8962-6f87ca9211e6","system rejects multi statement SQL injection signatures","passed","2026-04-22T22:29:46.709Z","2026-04-22T22:29:46.717Z","8","","P\Tests\Feature\SecurityValidationTest","","","pest","DESKTOP-4V343CM","Ejecución 5"
"6e2a3e29-fde9-4ee9-87ed-76ae55145160","system allows legitimate special characters like quotes in titles","passed","2026-04-22T22:29:46.814Z","2026-04-22T22:29:49.632Z","2818","","P\Tests\Feature\SecurityValidationTest","","","pest","DESKTOP-4V343CM","Ejecución 5"
"5a481079-0e71-4bdd-9ae6-d7fc584ac552","IDOR protection  readers cannot access other users loan details","passed","2026-04-22T22:29:49.716Z","2026-04-22T22:29:49.725Z","9","","P\Tests\Feature\SecurityValidationTest","","","pest","DESKTOP-4V343CM","Ejecución 5"
"043b0dce-065d-4a3f-a8b2-ff7622c08bf7","detects SQL injection bypass attempts using Hex encoding","passed","2026-04-22T22:29:49.810Z","2026-04-22T22:29:49.818Z","8","","P\Tests\Feature\SecurityValidationTest","","","pest","DESKTOP-4V343CM","Ejecución 5"
"8c229fb3-835d-4942-9dfc-07d52e5d6278","Evalúa la latencia de respuesta del sistema al manejar miles de registros de libros en el inventario.","passed","2026-04-22T22:29:49.922Z","2026-04-22T22:29:51.130Z","1208","","P\Tests\Feature\StressTest","","","pest","DESKTOP-4V343CM","Ejecución 5"
"3ebaedeb-6eb7-4cca-876f-28a028d92116","Verifica la capacidad del servidor para procesar ráfagas secuenciales de peticiones sin degradación de servicio.","passed","2026-04-22T22:29:51.212Z","2026-04-22T22:29:51.339Z","127","","P\Tests\Feature\StressTest","","","pest","DESKTOP-4V343CM","Ejecución 5"
"c34ceab0-e939-4add-ab48-42a0c79ec834","redirige a login si la ruta es privada y no hay token","passed","2026-04-22T22:30:13.561Z","2026-04-22T22:30:13.575Z","14","router/index.js (navigationGuard)","","","src.router.router.test.js","vitest","DESKTOP-4V343CM","Ejecución 5"
"a6e27824-650a-48b7-a4ef-be95b3480754","permite acceso si la ruta es pública","passed","2026-04-22T22:30:13.576Z","2026-04-22T22:30:13.578Z","2","router/index.js (navigationGuard)","","","src.router.router.test.js","vitest","DESKTOP-4V343CM","Ejecución 5"
"7e8b556d-aa10-4834-821b-7840339c87ac","redirige a dashboard si intenta ir a login estando autenticado","passed","2026-04-22T22:30:13.578Z","2026-04-22T22:30:13.580Z","2","router/index.js (navigationGuard)","","","src.router.router.test.js","vitest","DESKTOP-4V343CM","Ejecución 5"
"b61b4432-b4ab-4ae5-bad9-763bca8750e7","bloquea rutas si el usuario no tiene el permiso requerido","passed","2026-04-22T22:30:13.581Z","2026-04-22T22:30:13.583Z","2","router/index.js (navigationGuard)","","","src.router.router.test.js","vitest","DESKTOP-4V343CM","Ejecución 5"
"6eb187c7-5dc7-42ff-afba-c51af0630497","permite acceso si el usuario tiene el permiso requerido","passed","2026-04-22T22:30:13.583Z","2026-04-22T22:30:13.585Z","2","router/index.js (navigationGuard)","","","src.router.router.test.js","vitest","DESKTOP-4V343CM","Ejecución 5"
"d0f9ce45-6ba6-429a-98c3-9cf88b434047","renderiza correctamente el formulario de login","passed","2026-04-22T22:30:13.824Z","2026-04-22T22:30:13.915Z","91","LoginView.vue","","","src.views.LoginView.test.js","vitest","DESKTOP-4V343CM","Ejecución 5"
"72c3183a-c8e4-4e04-898d-d7f47b0beb16","alterna la visibilidad de la contraseña al pulsar el botón de ojo","passed","2026-04-22T22:30:13.915Z","2026-04-22T22:30:13.944Z","29","LoginView.vue","","","src.views.LoginView.test.js","vitest","DESKTOP-4V343CM","Ejecución 5"
"3a11ab03-96d3-488a-873b-6dbe7d734681","intento de login exitoso redirige al dashboard","passed","2026-04-22T22:30:13.944Z","2026-04-22T22:30:13.970Z","26","LoginView.vue","","","src.views.LoginView.test.js","vitest","DESKTOP-4V343CM","Ejecución 5"
"a72886d9-15ee-4428-9a2f-8d23f5512a6c","maneja fallos de servidor correctamente","passed","2026-04-22T22:30:13.970Z","2026-04-22T22:30:14.016Z","46","LoginView.vue","","","src.views.LoginView.test.js","vitest","DESKTOP-4V343CM","Ejecución 5"
"ea745c54-ad03-442c-829f-92c7a61ab498","inicializa con valores nulos si no hay nada en localStorage","passed","2026-04-22T22:30:16.417Z","2026-04-22T22:30:16.426Z","9","authStore","","","src.store.auth.test.js","vitest","DESKTOP-4V343CM","Ejecución 5"
"9d5b0a7b-a1a9-4f0f-b419-2eb626b89a05","login exitoso actualiza el estado y localStorage","passed","2026-04-22T22:30:16.426Z","2026-04-22T22:30:16.431Z","5","authStore","","","src.store.auth.test.js","vitest","DESKTOP-4V343CM","Ejecución 5"
"f3acf892-7187-46c9-ab32-20c09d738a21","clearSession limpia el estado y localStorage","passed","2026-04-22T22:30:16.432Z","2026-04-22T22:30:16.434Z","2","authStore","","","src.store.auth.test.js","vitest","DESKTOP-4V343CM","Ejecución 5"
"e47fdb91-e982-49be-8d42-34b1e56b91df","logout limpia sesion incluso si la API falla","passed","2026-04-22T22:30:16.434Z","2026-04-22T22:30:16.436Z","2","authStore","","","src.store.auth.test.js","vitest","DESKTOP-4V343CM","Ejecución 5"
"5049d764-a769-490f-afd3-0a94dc2c0e7b","Camino 1: Creación Exitosa (CREATE path)","passed","2026-04-22T22:30:16.685Z","2026-04-22T22:30:16.698Z","13","bookController - White Box Testing (saveBook)","","","src.controllers.bookController.test.js","vitest","DESKTOP-4V343CM","Ejecución 5"
"7bf0b489-fd48-4f18-b370-d83110bb5ba3","Camino 2: Edición Exitosa (UPDATE path)","passed","2026-04-22T22:30:16.699Z","2026-04-22T22:30:16.702Z","3","bookController - White Box Testing (saveBook)","","","src.controllers.bookController.test.js","vitest","DESKTOP-4V343CM","Ejecución 5"
"3768c5ae-4e85-4d09-a74e-cf90ecae790c","Camino 3: Error de Validación (422 path)","passed","2026-04-22T22:30:16.702Z","2026-04-22T22:30:16.704Z","2","bookController - White Box Testing (saveBook)","","","src.controllers.bookController.test.js","vitest","DESKTOP-4V343CM","Ejecución 5"
"73cf8a4b-58be-421e-b068-6b09e935eb38","Camino 4: Error General de Servidor (Fallback path)","passed","2026-04-22T22:30:16.704Z","2026-04-22T22:30:16.705Z","1","bookController - White Box Testing (saveBook)","","","src.controllers.bookController.test.js","vitest","DESKTOP-4V343CM","Ejecución 5"
"f8605f05-48a2-4678-87f2-fabffe1f4cc0","añade el header de Authorization si el token existe","passed","2026-04-22T22:30:19.664Z","2026-04-22T22:30:19.675Z","11","api.js (Interceptors)","","","src.services.api.test.js","vitest","DESKTOP-4V343CM","Ejecución 5"
"ad093ef7-8071-4a80-9ac5-22cf9251cc44","no añade header si no hay token","passed","2026-04-22T22:30:19.675Z","2026-04-22T22:30:19.678Z","3","api.js (Interceptors)","","","src.services.api.test.js","vitest","DESKTOP-4V343CM","Ejecución 5"
"260fe1df-d293-493e-8915-ef59e2961014","maneja el error 401 limpiando la sesión y redirigiendo","passed","2026-04-22T22:30:19.678Z","2026-04-22T22:30:19.684Z","6","api.js (Interceptors)","","","src.services.api.test.js","vitest","DESKTOP-4V343CM","Ejecución 5"
"b88211de-9b2f-491a-ab8d-a92f5f1b0a02","ignora otros errores que no sean 401","passed","2026-04-22T22:30:19.684Z","2026-04-22T22:30:19.686Z","2","api.js (Interceptors)","","","src.services.api.test.js","vitest","DESKTOP-4V343CM","Ejecución 5"
"96716162-4117-4f2e-ba65-93b8f5073ca0","login llama al endpoint correcto con las credenciales","passed","2026-04-22T22:30:19.717Z","2026-04-22T22:30:19.727Z","10","authService","","","src.services.authService.test.js","vitest","DESKTOP-4V343CM","Ejecución 5"
"eb2a5c98-5c72-4954-a7eb-5c24e17668ca","logout llama al endpoint de logout","passed","2026-04-22T22:30:19.727Z","2026-04-22T22:30:19.729Z","2","authService","","","src.services.authService.test.js","vitest","DESKTOP-4V343CM","Ejecución 5"
"e889610c-0be4-4e58-a8e8-e2108db7f1ec","me llama al endpoint /auth/me","passed","2026-04-22T22:30:19.729Z","2026-04-22T22:30:19.731Z","2","authService","","","src.services.authService.test.js","vitest","DESKTOP-4V343CM","Ejecución 5"
"60cca63e-84fb-4d83-9f29-1ea7cf7117d9","Autenticación y Navegación al Dashboard","passed","2026-04-22T22:30:41.514Z","2026-04-22T22:30:50.104Z","8590","chromium","library.spec.js","Flujo de la Biblioteca Digital","library.spec.js","playwright","DESKTOP-4V343CM","Ejecución 5"
"58d7046c-8591-47aa-9a9b-ea372433a3b4","Sincronización y Gestión de Libros","passed","2026-04-22T22:30:51.074Z","2026-04-22T22:31:11.213Z","20139","chromium","library.spec.js","Flujo de la Biblioteca Digital","library.spec.js","playwright","DESKTOP-4V343CM","Ejecución 5"
"0ae7c831-3912-43d3-8acd-cf87113ea255","Restricciones de Rol (Bibliotecario)","passed","2026-04-22T22:31:11.233Z","2026-04-22T22:31:17.576Z","6343","chromium","library.spec.js","Flujo de la Biblioteca Digital","library.spec.js","playwright","DESKTOP-4V343CM","Ejecución 5"
"9abf819d-9541-4faa-afb5-e6260224f4fd","Reporte de Incidencia a GLPI","passed","2026-04-22T22:31:17.616Z","2026-04-22T22:31:36.720Z","19104","chromium","library.spec.js","Flujo de la Biblioteca Digital","library.spec.js","playwright","DESKTOP-4V343CM","Ejecución 5"